Category,Question,Answer,Keywords
General Policy,What is the primary regulatory framework governing PIA employee allowances?,Allowances are regulated in accordance with PIAC Employees (Service & Discipline) Regulations – 1985.,"policy framework, service regulations, discipline, 1985, PIAC"
General Policy,Who determines the admissibility and rates of allowances for PIA employees?,The PIAC Board of Directors determines admissibility and rates of various allowances.,"board of directors, rates, admissibility, approval authority"
General Policy,"What is the definition of ""Allowance"" under PIA policy?",Allowance means a recurring or non-recurring payment other than pay granted to an employee.,"definition, allowance, recurring payment, non-recurring, pay"
General Policy,What is the Personnel Policies Manual revision status for 2024?,"Edition # 04, Revision # 00, Dated: 30-06-2024.","policy manual, revision, edition, 2024, personnel policies"
Allowances Combined,What percentage of basic pay is paid as House Rent Allowance for most employees?,"Staff PG I-IV, Cabin Crew, Officers PG V-VIII, Officer Engineering, Aircraft Engineers and Deputy Chief Engineers receive 45% of current basic pay per month.","HRA, house rent, 45%, basic pay percentage"
Allowances Combined,What are the three main percentage-based allowances for Officer Engineering?,"Personal Pay (5%), House Rent/Accommodation (45%), and Utility Allowance (10%) of current basic pay.","officer engineering, percentage allowances, personal pay, house rent, utility"
Allowances Combined,Which employees receive Utility Allowance at 10% of basic pay?,"Staff PG I-IV, Cabin Crew, Admin Officers PG V-IX, Officer Engineering, and Aircraft Engineers.","utility allowance, 10%, eligible employees, basic pay"
Allowances Combined,What is the Conveyance Allowance rate for Admin Officers and Aircraft Engineers?,"10% of current basic pay per month, but not paid to those availing company pick-up/drop or company car.","conveyance allowance, car maintenance, 10%, company transport"
Allowances Combined,What is Personal Pay for Admin Officers and how is it calculated?,"5% of current basic pay per month, except for Cabin Crew who receive a fixed Rs.150/month.","personal pay, admin officers, 5%, basic pay"
Cabin Crew,What is the Per Hour Flying Allowance rate for Cabin Crew in PG VIII?,"Rs.1300 per hour for PG VIII, VIII(i), and VII(ii) from Blocks OFF to Blocks ON.","cabin crew, flying allowance, PG VIII, Rs.1300"
Cabin Crew,What is the Non-Slip Allowance percentage for Cabin Crew?,30% of total Per Hour Flying Allowance for Up-and-Down (Base to Base) flights only.,"non-slip, 30%, base to base, cabin crew"
Cabin Crew,What is the Domestic Layover Allowance rate for Cabin Crew?,Rs.100 per hour from Blocks ON to Blocks OFF at slip stations (flight time excluded).,"domestic layover, Rs.100, slip station, cabin crew"
Cabin Crew,What is the International Layover Allowance rate for Cabin Crew?,US$4 per hour from Blocks ON to Blocks OFF at slip stations (flight time excluded).,"international layover, USD 4, slip station, cabin crew"
Cabin Crew,What is the Grooming and Kit Allowance for Cabin Crew?,Rs.1000 per month paid to both female and male Cabin Crew.,"grooming allowance, kit allowance, Rs.1000, cabin crew"
Cabin Crew,What is the Assignment Allowance for Flight Purser?,Rs.1500 per month for Flight Purser in PG VI.,"assignment allowance, flight purser, PG VI, Rs.1500"
Cabin Crew,What is the Assignment Allowance for Training & Check Purser?,Rs.3500 per month for Training & Check Purser in PG VIII.,"training check purser, assignment allowance, PG VIII, Rs.3500"
Cabin Crew,When does Assignment Allowance stop for Cabin Crew?,On transfer/re-assignment to ground duty or during any leave exceeding 30 days at a stretch.,"assignment allowance, discontinuation, ground duty, leave, 30 days"
Cabin Crew,What is the Long Range (LR) Flight Allowance for Cabin Crew?,"Rs.15,000 per person per flight for operating Long Haul flights on Boeing 777 LR/ER on PAK-CANADA-PAK sector.","long range, LR allowance, Boeing 777, PAK-CANADA, Rs.15000"
Cabin Crew,What is the Charter Flight Allowance for Cabin Crew exceeding FDTL?,"Rs.15,000 per flight per person for operating flights beyond 16-hour Flight Duty Time Limitation with consent.","charter allowance, special flight, FDTL, 16 hours, consent"
Cabin Crew,How is Denied OFF Days compensation calculated for Cabin Crew?,"10 hours per day at single flying allowance rate (20 hours total for 2 denied OFF days) for productive cabin crew, after verification.","denied off days, compensation, 10 hours, productive crew, verification"
Cabin Crew,What is the DCCC Incentive for flight checks?,Rs.5000 per flight check for Designated Check Cabin Crew.,"DCCC, incentive, flight check, Rs.5000, designated check crew"
Cabin Crew,What is the DCCC Incentive for practical training drills?,"Rs.5000 for practical training drills at PTC (WET Drill, Evac Drill, Fire Drill).","DCCC, practical training, WET drill, Evac drill, PTC"
Cabin Crew,What is the Surface Travel Allowance for Cabin Crew?,"Rs.500 per hour for travelling by surface from/to any base/station to operate or return from a flight, as per AIMS.","surface travel, Rs.500, cabin crew, base station"
Cabin Crew,What is the Flight Duty Time Limitation (FDTL) for Cabin Crew?,16 hours including 2 hours briefing and de-briefing time.,"FDTL, 16 hours, briefing, debriefing, cabin crew"
Cabin Crew,What is the minimum rest period at base for Cabin Crew?,"Double the duty hours or 16 hours, whichever is more.","rest period, base, double duty hours, 16 hours, cabin crew"
Cabin Crew,What is the minimum rest period at international outstations for Cabin Crew?,"1.5 times of total duty or 12 hours, whichever is more, starting after 1/2 hour after blocks-on at foreign station.","rest period, international outstation, 12 hours, blocks-on, cabin crew"
Cabin Crew,What are the rest periods for single sector long-haul flights for Cabin Crew?,"Pre-flight rest: 30 hours, Rest at destination: 45 hours, Post flight rest: 35 hours.","long-haul, rest periods, pre-flight 30 hours, destination 45 hours, post-flight 35 hours"
Cabin Crew,What is the minimum flying hours requirement for Cabin Crew on domestic/regional/Gulf flights?,Minimum of 25 hours/month and 50 hours in consecutive 2 months.,"flying hours, minimum, 25 hours, 50 hours, domestic regional Gulf"
Cabin Crew,What happens if Cabin Crew fails to operate required hours in 2 consecutive months?,"Removed from international flights in 3rd month, required to operate 55 hours on such flights plus difference in that month.","failure, removal international, 55 hours, 3rd month, penalty"
Cabin Crew,What is Supernumerary Travel counting as for duty time?,Supay travel counted as 50% duty towards total duty time and payment of flying allowance.,"supernumerary, supay, 50% duty, flying allowance, counting"
Cabin Crew,What is the maximum supay travel time for Cabin Crew?,Not planned to travel for more than 16.5 hours except in case of delay/diversion/operational exigency.,"supay maximum, 16.5 hours, delay, diversion, operational exigency"
Cabin Crew,What is the Standby duty duration at outstation for Cabin Crew?,24 hours at outstations after completing stipulated rest.,"standby, outstation, 24 hours, rest, cabin crew"
Cabin Crew,What is the Airport Standby duty duration for Cabin Crew?,"6 hours, duty commences on reporting at airport briefing room.","airport standby, 6 hours, briefing room, cabin crew"
Cabin Crew,What is Access Duty for Cabin Crew and when does it apply?,"Duty in excess of 16 hours from airport standby is treated as Access Duty for overtime payment, not exceeding 18 hours.","access duty, overtime, 16 hours, 18 hours, airport standby"
Cabin Crew,What is Personal Pay for Cabin Crew?,Rs.150 per month paid to Cabin Crew.,"personal pay, cabin crew, Rs.150"
Cockpit Crew,How does Flying Hour Rate increase with service length for Pilots?,"0-10 years: 35%, 11-20 years: 30%, 21-30 years: 25%, 30+ years: 20% increase.","flying hour rate, service length, percentage increase, pilots"
Cockpit Crew,What are the Guaranteed Flying Hours for Pilots?,"50 guaranteed flying hours paid if actual flying is minimum 40 hours, or if assigned flying hours accumulate to less than 40 hours.","guaranteed hours, 50 hours, 40 hours minimum, pilots"
Cockpit Crew,When does Guaranteed Flying Hours apply during training?,Under training (120 days for transition / 30 days for recency).,"training, transition 120 days, recency 30 days, guaranteed hours"
Cockpit Crew,What are the non-entitlement conditions for 50 Guaranteed Flying Hours?,"Unauthorized absence, insufficient PL, refusal of duty, remedial training, disciplinary suspension, habitual sick reports, or 3 consecutive months below guaranteed hours.","non-entitlement, unauthorized absence, refusal, remedial, sick reports"
Cockpit Crew,What is the payment factor for flying hours 51-60?,150% of the respective flying hour rate.,"payment factor, 51-60 hours, 150%, flying hours"
Cockpit Crew,What is the payment factor for flying hours 71+?,250% of the respective flying hour rate.,"payment factor, 71+ hours, 250%, flying hours"
Cockpit Crew,What is the revised Domestic Slip Payment rate for Pilots?,Rs.750 per hour (revised from Rs.250).,"slip payment, domestic, Rs.750, revised rate"
Cockpit Crew,What is the revised International Slip Payment rate for Pilots?,US$10 per hour (revised from US$5).,"slip payment, international, USD 10, revised rate"
Cockpit Crew,Does the revised slip payment apply to pilots terminated before 30 May 2023?,"No, it does not apply to pilots terminated/dismissed/removed or retired on or before 30 May 2023.","slip revision, exclusion, terminated, dismissed, 30 May 2023"
Cockpit Crew,What is the Outstation Allowance for Pilots at Foreign Stations?,"US$5 per hour from blocks-on to blocks-off at slip stations (flight time excluded), for international flights.","outstation allowance, foreign, USD 5, blocks-on, blocks-off"
Cockpit Crew,What is the Outstation Allowance for Pilots at Domestic Stations?,Rs.250 per hour from blocks-on to blocks-off at domestic slip stations (flight time excluded).,"outstation allowance, domestic, Rs.250, blocks-on, blocks-off"
Cockpit Crew,How are Pilot Refused Days Off paid?,"Two (2) hours of Flying Allowance per day, after certification by Chief Pilot Crew Planning & Scheduling.","refused days off, 2 hours flying allowance, certification, monthly"
Cockpit Crew,How many days off are Pilots entitled to per month?,07 days off at base each month free from all duties.,"days off, 7 days, base, monthly, pilots"
Cockpit Crew,What accommodation is acceptable at unscheduled layover stations?,"Government Rest House, Dak Bungalows, Officers Mess (Defence, Forces) subject to permission.","unscheduled layover, rest house, dak bungalow, officers mess"
Cockpit Crew,What is paid in lieu of hotel accommodation at unscheduled layover?,"Rs.6,000 per day in lieu of hotel accommodation when First Class hotels available but no accommodation.","lieu of hotel, Rs.6000, unscheduled layover, accommodation"
Cockpit Crew,Who approves medical treatment abroad for Pilots?,"On recommendations of Chief Flight Surgeon, subject to approval of competent authority.","medical treatment abroad, Chief Flight Surgeon, approval, competent authority"
Cockpit Crew,Are private doctor medical certificates accepted for Pilots at outstation?,"No, where Company designated doctors are available, private doctor certificates are not accepted.","medical certificate, private doctor, outstation, company doctor"
Cockpit Crew,What is the Daily Allowance for Cockpit Crew on training at foreign stations?,"US$5.00 per hour from blocks-on to blocks-off at slip station (flight time excluded), with hotel accommodation and transportation arranged by Company.","training, foreign station, daily allowance, USD 5, hotel accommodation"
Cockpit Crew,What happens when a Pilot misses a flight habitually?,"Payment of guaranteed hours will be decided by Chief of Flight Operations, and pilot will be rostered for missed flights in subsequent months.","habitual missing, guaranteed hours, Chief Flight Operations, rostering"
Aircraft Engineers,What is the Approval/Endorsement Allowance for Narrow Body B1/B2 AML?,Rs.8000 for Narrow Body/Single Aisle B1/B2 AML.,"approval allowance, narrow body, B1/B2 AML, Rs.8000"
Aircraft Engineers,What is the Approval/Endorsement Allowance for Wide Body B1/B2 AML?,"Rs.12,000 for Wide Body/Double Aisle B1/B2 AML.","approval allowance, wide body, double aisle, Rs.12000"
Aircraft Engineers,What is the Overhaul Shop Class-I Approval Allowance?,Rs.4000 per shop qualification (Class-I) irrespective of narrow/wide body.,"overhaul shop, class I, Rs.4000, qualification"
Aircraft Engineers,What is the maximum ceiling for Approval/Endorsement Allowance?,"Capped at 4 aircraft full-set qualifications, ceiling Rs.28,000.","maximum ceiling, Rs.28000, 4 aircraft, full-set"
Aircraft Engineers,What is the Shift Allowance rate for Aircraft Engineers?,6% of Basic Pay per month for regularly rotating morning/evening or morning/evening/night shifts.,"shift allowance, 6%, basic pay, rotating shifts"
Aircraft Engineers,What is the Night Allowance rate for Aircraft Engineers?,Rs.900 per night for actual night duties performed between 2330 hrs and 0630 hrs.,"night allowance, Rs.900, 2330-0630, night duty"
Aircraft Engineers,What is the Extended Duty/Denied Rest rate for Aircraft Engineers?,"1% of current basic pay per hour, payable in Pakistan only.","extended duty, denied rest, 1%, basic pay, Pakistan"
Aircraft Engineers,Who approves Extended Duty/Denied Rest for Aircraft Engineers?,Prior approval of concerned Chief Engineer required for release of aircraft/equipment beyond normal hours.,"approval, Chief Engineer, extended duty, denied rest"
Aircraft Engineers,What is the annual budgetary capping for Aircraft Engineers Extended Duty?,Rs.15 million per annum.,"budgetary capping, Rs.15 million, annual, extended duty"
Aircraft Engineers,What is the monthly capping for Extended Duty/Denied Rest for Aircraft Engineers?,24 hours per person per month.,"monthly capping, 24 hours, per person, extended duty"
Aircraft Engineers,What is the Domestic Outstation Allowance for Aircraft Engineers?,Rs.150 per hour from Blocks ON to Blocks OFF (flight time excluded).,"outstation allowance, domestic, Rs.150, blocks ON, blocks OFF"
Aircraft Engineers,What is the International Outstation Allowance for Aircraft Engineers?,US$5.00 per hour from Blocks ON to Blocks OFF (flight time excluded).,"outstation allowance, international, USD 5, blocks ON, blocks OFF"
Aircraft Engineers,What is the VVIP flight allowance rate for Aircraft Engineers?,"Double the normal rate, paid in advance for full expected hours.","VVIP, double rate, paid in advance, expected hours"
Aircraft Engineers,What is the ground duty time limit for Aircraft Engineers?,"8 hours, extendable to 16 hours in emergencies, but not more than 48 hours extended duty/denied rest in a month.","ground duty, 8 hours, 16 hours emergency, 48 hours monthly"
Aircraft Engineers,What is Split Duty Allowance for Aircraft Engineers?,"Rs.6000 per month with Chief's approval, in addition to shift allowance if applicable, with transport provided for second duty.","split duty, Rs.6000, Chief approval, shift allowance, transport"
Aircraft Engineers,What is Hardship Allowance for Aircraft Engineers?,Rs.3000 per month for duties at stations designated as hardship stations.,"hardship allowance, Rs.3000, hardship stations"
Aircraft Engineers,What is Airworthiness Approval Allowance based on?,"Based on qualifications on which engineer was initially placed in AEPS, continues even if aircraft type leaves PIA fleet.","airworthiness approval, AEPS, initial placement, continues"
Aircraft Engineers,What is Airworthiness Certification Allowance for Domestic flights?,Rs.1500 per landing.,"airworthiness certification, domestic, Rs.1500, landing"
Aircraft Engineers,What is Airworthiness Certification Allowance for International flights up to 6 hours?,Rs.3000 per landing.,"airworthiness certification, international, up to 6 hours, Rs.3000"
Aircraft Engineers,What is Airworthiness Certification Allowance for International flights 6-8 hours?,Rs.4000 per landing.,"airworthiness certification, 6-8 hours, Rs.4000, landing"
Aircraft Engineers,What is Airworthiness Certification Allowance for International flights 8+ hours?,"Rs.5,000 per landing.","airworthiness certification, 8+ hours, Rs.5000, landing"
Aircraft Engineers,What compensation is given for diverted flights without landing?,Rs.1500 (equivalent of domestic certification per landing).,"diverted flight, no landing, Rs.1500, compensation"
Aircraft Engineers,What is the Test Flight allowance for Aircraft Engineers?,"Rs.4,000 fixed allowance plus life insurance coverage.","test flight, Rs.4000, life insurance, fixed allowance"
Aircraft Engineers,What accommodation is paid if no First-Class hotel available domestically?,"Rs.7,000 per night for domestic station in lieu of accommodation, in addition to normal G.D/OCS allowance.","accommodation, Rs.7000, domestic, lieu of hotel"
Aircraft Engineers,What meals are Aircraft Engineers entitled to on flying duty?,"Meals provided at par with Cockpit Crew, separately mentioned in Load sheet and served for all flights.","meals, cockpit crew, load sheet, flying duty"
Aircraft Engineers,What is Special Allowance for Aircraft Engineers in AEPS D?,"Rs.54,866 per month (w.e.f. 01-08-2016).","special allowance, AEPS D, Rs.54866"
Aircraft Engineers,What is Special Allowance for Aircraft Engineers in AEPS G?,"Rs.67,477 per month (w.e.f. 01-08-2016).","special allowance, AEPS G, Rs.67477"
Aircraft Engineers,When were Special Allowance and Special Pay restored to 100%?,"w.e.f. November 01, 2022, restored from 50% to 100%.","restoration, 100%, November 2022, special allowance, special pay"
Aircraft Engineers,What is Special Pay for Aircraft Engineers in AEPS A?,"Rs.52,212 per month (w.e.f. 01-08-2016).","special pay, AEPS A, Rs.52212"
Aircraft Engineers,What is Special Pay for Aircraft Engineers in AEPS G?,"Rs.100,242 per month (w.e.f. 01-08-2016).","special pay, AEPS G, Rs.100242"
Aircraft Engineers,What is Executive Allowance for Deputy Chief Engineers in AEPS D?,"Rs.15,363 per month (w.e.f. 01-04-2016).","executive allowance, deputy chief, AEPS D, Rs.15363"
Aircraft Engineers,What is Executive Allowance for Chief Engineers in AEPS D?,"Rs.27,706 per month (w.e.f. 01-04-2016).","executive allowance, chief engineer, AEPS D, Rs.27706"
Aircraft Engineers,What is Airworthiness Approval Allowance in AEPS A?,"Rs.36,221 per month.","airworthiness approval, AEPS A, Rs.36221"
Aircraft Engineers,What is Airworthiness Approval Allowance in AEPS G?,"Rs.76,366 per month.","airworthiness approval, AEPS G, Rs.76366"
Aircraft Engineers,What is the Pick-up and drop facility for Aircraft Engineers?,Transportation for pick-up and drop and hotel accommodation provided in accordance with cockpit crew entitlement.,"pick-up, drop, transportation, cockpit crew entitlement"
Officer Engineering,What is Personal Pay for Officer Engineering?,5% of current basic pay per month.,"personal pay, officer engineering, 5%"
Officer Engineering,What is House Rent/Accommodation for Officer Engineering?,45% of current basic pay per month.,"house rent, officer engineering, 45%"
Officer Engineering,What is Utility Allowance for Officer Engineering?,10% of current basic pay per month.,"utility allowance, officer engineering, 10%"
Officer Engineering,What is Conveyance/Car Maintenance Allowance for Officer Engineering?,10% of current basic pay per month.,"conveyance, car maintenance, officer engineering, 10%"
Officer Engineering,What is Special Allowance for Officer Engineering in OEPS A?,"Rs.1,000 per month (w.e.f. 01-02-2016).","special allowance, OEPS A, Rs.1000"
Officer Engineering,What is Special Allowance for Officer Engineering in OEPS E?,"Rs.8,500 per month (w.e.f. 01-02-2016).","special allowance, OEPS E, Rs.8500"
Officer Engineering,What is Class-III Approval Allowance for Officers Engineering?,Rs.500 per month per approval.,"class III approval, Rs.500, per approval"
Officer Engineering,What is Class-II Approval Allowance for Narrow Body for Officers Engineering?,"Rs.1,400 per month per approval.","class II approval, narrow body, Rs.1400"
Officer Engineering,What is Class-II Approval Allowance for Wide Body for Officers Engineering?,"Rs.1,600 per month per approval.","class II approval, wide body, Rs.1600"
Officer Engineering,What is the maximum combined ceiling for Class-II and III Approval Allowances?,"Rs.12,200 per month.","approval ceiling, Rs.12200, maximum"
Officer Engineering,What is Shift Allowance for Officer Engineering?,6% of basic pay in accordance with rules relating to its payment.,"shift allowance, 6%, basic pay"
Officer Engineering,What is Night Shift Allowance for Officer Engineering?,Rs.350 per night for actual Night duties performed between 2330 to 0630 hours (excluding flying duty).,"night shift, Rs.350, 2330-0630"
Officer Engineering,What is Overhaul/Maintenance Allowance for Officers Engineering?,"Rs.1,000 per month (effective 01-02-2016).","overhaul maintenance, Rs.1000"
Officer Engineering,What is Towing Allowance for Officer Engineering?,"Rs.1,000 per month, not paid during all types of approved leave beyond 90 days.","towing allowance, Rs.1000, leave beyond 90 days"
Officer Engineering,What is Welding Allowance for Officer Engineering?,Rs.700 per month (effective 11-02-2016).,"welding allowance, Rs.700"
Officer Engineering,What is Crew Chief Allowance for Officer Engineering?,"Rs.1,000 per month to designated Officers Engineering as Crew Chiefs (w.e.f. 01.02.2016).","crew chief, Rs.1000, designated officers"
Officer Engineering,What is Hill/Hardship Allowance for Officer Engineering?,"Rs.2,000 per month (w.e.f. 01.02.2016) as per applicable rules.","hill hardship, Rs.2000"
Officer Engineering,What is Domestic Outstation Allowance for Officer Engineering?,"Rs.60 per hour from Blocks-on to Blocks-off or Rs.1000 per hour of flying duty, whichever is more.","outstation allowance, domestic, Rs.60, Rs.1000, whichever more"
Officer Engineering,What is International Outstation Allowance for Officer Engineering?,US$3 per hour from Blocks-on to Blocks-off plus Rs.1500 for landing.,"outstation allowance, international, USD 3, Rs.1500 landing"
Officer Engineering,What is GD Travel Expense for Domestic flights for Officer Engineering?,Rs.1000 for non-slip flights.,"GD travel, domestic, Rs.1000, non-slip"
Officer Engineering,What is GD Travel Expense for International flights up to 06 hours?,Rs.1500 for non-slip flights.,"GD travel, international up to 6 hours, Rs.1500"
Officer Engineering,What is GD Travel Expense for International flights up to 08 hours?,Rs.2000 for non-slip flights.,"GD travel, international up to 8 hours, Rs.2000"
Officer Engineering,What is Extended Duty/Denied Rest rate for Officer Engineering?,"1% of current basic pay per hour, payable in Pakistan only.","extended duty, denied rest, 1%, basic pay"
Officer Engineering,What is the monthly capping for Extended Duty/Denied Rest for Officer Engineering?,24 hours per person per month.,"capping, 24 hours, per month"
Officer Engineering,What is the annual budgetary capping for Officer Engineering Extended Duty?,Rs.12.5 million.,"budgetary capping, Rs.12.5 million"
Officer Engineering,What is Grooming Allowance for Officers Engineering?,"Rs.2,000 per month paid only to female Officers Engineering.","grooming allowance, female officers, Rs.2000"
Admin Officers,What is Personal Pay for Admin Officers PG V-IX?,"5% of current basic pay per month, except Cabin Crew.","personal pay, admin officers, 5%"
Admin Officers,What is Special Allowance for Admin Officers PG V?,"Rs.2,500 per month.","special allowance, PG V, Rs.2500"
Admin Officers,What is Special Allowance for Admin Officers PG VII?,"Rs.4,500 per month.","special allowance, PG VII, Rs.4500"
Admin Officers,What is Special Allowance for Admin Officers PG IX?,"Rs.8,500 per month.","special allowance, PG IX, Rs.8500"
Admin Officers,What is Grooming Allowance for female Admin Officers?,"Rs.1,000 per month.","grooming allowance, female officers, Rs.1000"
Admin Officers,What is Non-Practicing Allowance for Medical Officers?,"Rs.25,000 per month for permanent Medical Officers/Doctors.","non-practicing, medical officers, Rs.25000"
Admin Officers,When can Medical Officers do private practice?,"PG-VIII and above with 20 years' service, subject to surrendering Non-Practicing Allowance.","private practice, 20 years, PG VIII, surrender allowance"
Admin Officers,What is Trim Sheet Allowance for Officers PG-V?,"Rs.250 per Licence per Aircraft, subject to maximum Rs.2500 per month.","trim sheet, Rs.250, per licence, Rs.2500 maximum"
Admin Officers,What is Towing Allowance for Officers in Technical Ground Support?,"Rs.600 per month for PG-V, V(i), V(ii) with valid CAA Towing Licence.","towing allowance, technical ground, Rs.600, CAA licence"
Admin Officers,How are Pak-based officers at foreign stations paid?,"Basic Pay, Personal Pay, and Qualification Allowance paid in local currency.","foreign stations, local currency, basic pay, personal pay"
Admin Officers,What is Personal Pay for Staff PG I-IV?,"5% of current basic pay per month, for all staff cadre except cabin crew.","personal pay, staff, 5%, PG I-IV"
Admin Officers,What is Special Allowance to Messengers?,Rs.250 per month for Messengers in Communication Division.,"messengers, Rs.250, communication division"
Admin Officers,What is Uniform Compensation Allowance?,Rs.800 per month to staff not entitled to uniform.,"uniform compensation, Rs.800"
Admin Officers,What is Special Allowance to Office Attendants in Central Registry?,Rs.250 per month.,"office attendants, central registry, Rs.250"
Admin Officers,What is the general Special Allowance to Office Attendants?,Rs.400 per month.,"office attendants, Rs.400"
Admin Officers,What is Machine Allowance for staff?,Rs.175 per month.,"machine allowance, Rs.175"
Admin Officers,What is Unit Leader Allowance?,Rs.150 per month.,"unit leader, Rs.150"
Admin Officers,What is Approval Allowance for Class-III Technicians?,Rs.500 per approval per month.,"approval allowance, class III, Rs.500"
Admin Officers,What is Approval Allowance for Class-II Narrow Body Technicians?,"Rs.1,200 per approval per month.","approval allowance, class II narrow body, Rs.1200"
Admin Officers,What is Approval Allowance for Class-II Wide Body Technicians?,"Rs.1,500 per approval per month.","approval allowance, class II wide body, Rs.1500"
Admin Officers,What is the maximum ceiling for Approval Allowance for Technicians?,"Rs.7,500 per month.","approval ceiling, Rs.7500"
Admin Officers,What is Trim Sheet Allowance for staff?,"Rs.300 per Licence per aircraft, subject to maximum Rs.3,000 per month.","trim sheet, staff, Rs.300, Rs.3000 maximum"
Admin Officers,What is Overhaul Allowance for staff in specific shops?,"Rs.250 per month for staff in shops E3, E4, E5, E6, E7, E8, E9, EA, EB, EC, ED, EE, EL, EM, ER, ES, ET, EU, EV, EW.","overhaul allowance, Rs.250, specific shops"
Admin Officers,What is Baggage/Cargo Handling Allowance?,Rs.255 per month to all Baggage/Cargo Attendants in PG I-IV(ii).,"baggage handling, cargo handling, Rs.255"
Admin Officers,What is Cash Handling Allowance?,Rs.500 per month to Accounts Staff and Reservation & Ticketing Staff assigned cash handling functions.,"cash handling, Rs.500, accounts staff, reservation ticketing"
Admin Officers,What is Flight Equipment Allowance?,Rs.275 per month to Technical Staff in Engineering & Maintenance and Flight Simulator.,"flight equipment, Rs.275, engineering maintenance"
Admin Officers,What is Kit Maintenance Allowance?,Rs.275 per month to Staff entitled to Uniform.,"kit maintenance, Rs.275, uniform"
Admin Officers,What is Bhatta Allowance for Motor Transport Drivers?,Rs.25 per duty as per existing practice.,"bhatta allowance, motor transport, Rs.25, duty"
Admin Officers,What is Deputy/Head Loader Allowance?,Rs.225 per month.,"deputy loader, head loader, Rs.225"
Admin Officers,What is Technical Pay for PG I/II staff?,Rs.325 per month.,"technical pay, PG I II, Rs.325"
Admin Officers,What is Technical Pay for PG III/IV staff?,Rs.350 per month.,"technical pay, PG III IV, Rs.350"
Admin Officers,What is Welding Allowance for PG I staff?,Rs.150 per month.,"welding allowance, PG I, Rs.150"
Admin Officers,What is Welding Allowance for PG II staff?,Rs.275 per month.,"welding allowance, PG II, Rs.275"
Admin Officers,What is Welding Allowance for PG III/IV staff?,Rs.350 per month.,"welding allowance, PG III IV, Rs.350"
Admin Officers,What is Electrical Wireman Licence Allowance?,Rs.350 per month for staff in PG III-IV in Works Division.,"electrical wireman, Rs.350, works division"
Admin Officers,What is Electrical Supervisor Licence Allowance?,Rs.450 per month for staff in PG III-IV in Works Division.,"electrical supervisor, Rs.450, works division"
Admin Officers,What is Navigation Baggage Allowance?,Rs.200 per month.,"navigation baggage, Rs.200"
Admin Officers,What is Computer Allowance for Computer Operator PG IV?,"Rs.1,300 per month for staff working on Mainframe Computer in IT Department.","computer allowance, PG IV, Rs.1300, mainframe"
Admin Officers,What is Computer Allowance for Trainee Programmer PG III?,"Rs.1,000 per month.","computer allowance, trainee programmer, Rs.1000"
Admin Officers,What is Aircraft Sanitation Allowance?,Rs.250 per month for Aircraft Cleaners in Engineering Department.,"aircraft sanitation, Rs.250, cleaners"
Admin Officers,What is Leave Travel Allowance (LTA)?,15 days of current Basic Pay as per applicable rules.,"LTA, 15 days, basic pay"
Admin Officers,What is Technical Allowance for Ramp Services technicians?,Rs.300 per month for Maintenance & Technical Staff PG III/IV in Ramp Services.,"technical allowance, ramp services, Rs.300"
Admin Officers,What is Special Remuneration Allowance?,"Up to Rs.1,500 per month for employees in PG-I to V for additional duty or arduous nature.","special remuneration, Rs.1500, additional duty"
Admin Officers,What is Special Duty Travel Allowance for Security Officers?,Rs.40 per hour for Security Officers on escort duties involving foreign travel up & down on same flight.,"special duty travel, security officer, Rs.40, escort duty"
Admin Officers,What is Special Duty Travel Allowance for Security Supervisor?,Rs.30 per hour for Security Supervisor/Assistant on escort duties.,"special duty travel, security supervisor, Rs.30"
Senior Management,What is House Rent Allowance for DGM (Admin Category)?,"PKR 82,500 per month.","DGM, house rent, Rs.82500"
Senior Management,What is House Rent Allowance for General Managers?,"PKR 99,000 per month.","GM, general manager, house rent, Rs.99000"
Senior Management,What is House Rent Allowance for Chiefs (Admin Category)?,"PKR 121,000 per month.","chiefs, house rent, Rs.121000"
Senior Management,What is Utility Allowance for General Managers?,"PKR 26,136 per month.","GM, utility allowance, Rs.26136"
Senior Management,What is Utility Allowance for Chiefs?,"PKR 34,848 per month.","chiefs, utility allowance, Rs.34848"
Senior Management,What is Assignment Pay for General Managers?,"PKR 52,272 per month.","GM, assignment pay, Rs.52272"
Senior Management,What is Assignment Pay for Chiefs?,"PKR 87,120 per month.","chiefs, assignment pay, Rs.87120"
Senior Management,What is Fuel Allowance for General Managers?,360 litres per month.,"GM, fuel allowance, 360 litres"
Senior Management,What is Fuel Allowance for Chiefs?,432 litres per month.,"chiefs, fuel allowance, 432 litres"
Senior Management,What is Car Maintenance Allowance for General Managers?,"PKR 10,296 per month.","GM, car maintenance, Rs.10296"
Senior Management,What is Car Maintenance Allowance for Chiefs?,"PKR 12,672 per month.","chiefs, car maintenance, Rs.12672"
Senior Management,What is Driver's Pay for General Managers?,"PKR 11,000 per month.","GM, driver pay, Rs.11000"
Senior Management,What is Driver's Pay for Chiefs?,"PKR 19,008 per month.","chiefs, driver pay, Rs.19008"
Senior Management,What is Special Allowance for Chiefs (Admin Category)?,"Rs.9,000 per month.","special allowance, chiefs, Rs.9000"
Area Allowances,What is Firewood Allowance and who gets it?,"Rs.4,000/month for Staff PG I-IV and Rs.4,500/month for Officers PG V+ for six months (Oct-Mar) at stations requiring extra heating expenses.","firewood allowance, Rs.4000, Rs.4500, Oct-Mar, heating"
Area Allowances,Which stations qualify for Firewood Allowance?,"Azad Kashmir (Muzaffarabad, Rawalakot), Baluchistan (Delbadin, Kharan, Khuzdar, Loralai, Ormara, Panjgur, Quetta, Taftan, Zhob), KPK (Abbottabad, Chitral, Gilgit, Saidu Sharif, Skardu).","firewood stations, Azad Kashmir, Baluchistan, KPK, hilly areas"
Area Allowances,What is Hill/Hardship Allowance for Staff PG I-IV?,"Rs.1,500 per month when posted permanently in hilly areas.","hill hardship, staff, Rs.1500"
Area Allowances,What is Hill/Hardship Allowance for Officers PG V/VI?,"Rs.1,560 per month when posted permanently in hilly areas.","hill hardship, officers V VI, Rs.1560"
Area Allowances,What is Special Pay for Gilgit/Skardu?,25% of Basic Pay per month. Ceases on transfer from Northern Areas.,"Gilgit Skardu, 25%, basic pay, Northern Areas"
Area Allowances,Does Special Pay for Gilgit/Skardu form part of basic pay?,"No, it does not form part of basic pay/wages for any other allowance, provident fund, gratuity, pension, bonus.","special pay, not part basic pay, pension, gratuity"
Area Allowances,What is Flying Allowance for Security Assistants/Supervisors?,Rs.16 per flying hour for accompanying PIA flights.,"flying allowance, security assistants, Rs.16"
Area Allowances,What is the rate for Flying Allowance for operational staff of Flight Ops Dept?,"Staff: Rs.60 per hour, Officers: Rs.100 per hour, Traffic Officer: Rs.100 per hour.","flying allowance, flight ops, Rs.60, Rs.100"
Area Allowances,What is Hill/Hardship Allowance for Officers VII and above?,"Rs.1,560 per month when posted permanently in hilly areas.","hill hardship, officers VII+, Rs.1560"
Qualification,What is Qualification Allowance for ICAP at Chief level?,"Rs.190,000 per month for ICAP at Chief level.","qualification allowance, ICAP, chief, Rs.190000"
Qualification,What is Qualification Allowance for ACCA at Chief level?,"Rs.150,000 per month for ACCA at Chief level.","qualification allowance, ACCA, chief, Rs.150000"
Qualification,What is Qualification Allowance for ICAP at PG-X?,"Rs.140,000 per month.","qualification allowance, ICAP, PG X, Rs.140000"
Qualification,What is Qualification Allowance for ICAP at PG-IX?,"Rs.90,000 per month.","qualification allowance, ICAP, PG IX, Rs.90000"
Qualification,What is Qualification Allowance for ACCA at PG-VIII?,"Rs.50,000 per month.","qualification allowance, ACCA, PG VIII, Rs.50000"
Qualification,What is Qualification Allowance for ICAP at PG-VI/V?,"Rs.30,000 per month.","qualification allowance, ICAP, PG V VI, Rs.30000"
Qualification,Is Qualification Allowance pensionable?,"No, qualification allowance shall not be part of pensionable component.","qualification allowance, non-pensionable"
Qualification,Which departments can claim Qualification Allowance?,Restricted to only those working in Finance Department and Internal Audit Division.,"qualification allowance, finance, internal audit"
Qualification,Can an officer hold multiple qualification allowances?,"No, only the highest qualification amount is paid.","qualification allowance, highest only"
Qualification,What is Special Allowance for Flight Operations Officer License Holders?,"Rs.2,000 per month subject to holding valid PCAA license and proper utilization.","flight operations officer, Rs.2000, license holders"
Qualification,What is CRM Training Allowance?,"Rs.15,000 per day for flying Cockpit & Cabin Crew deployed to conduct CRM Training.","CRM training, Rs.15000, crew resource management"
IT Proficiency,What are the three categories of IT Proficiency Pay?,"Category A: Rs.10,000, Category B: Rs.30,000, Category C: Rs.40,000 per month.","IT proficiency, categories, Rs.10000, Rs.30000, Rs.40000"
IT Proficiency,Who is eligible for IT Proficiency Pay?,Officers in PG-V and above working in I&CT Department with prescribed qualifications/certifications.,"IT proficiency eligibility, I&CT, PG V+"
IT Proficiency,What qualifications qualify for IT Proficiency Pay?,"ME/MS/MCS/MIT/MIS/MBA in MIS/MBA in IT/MAS/MPA, M.Sc. in CS, BE/BS Engineering, B.CS/BIT/BCIT/BSCS/BSIT/BBA-IT (4 years), or 15 years service in PIA I&CT.","IT qualifications, degrees, certifications, 15 years service"
IT Proficiency,Can someone working outside I&CT Department claim IT Proficiency Pay?,"No, except when transferred on Company's requirement (approved by CEO).","IT proficiency, department restriction, I&CT only"
IT Proficiency,Who bears the cost of certification and renewals?,The employee will be responsible and will bear the cost of certification and renewals.,"certification cost, employee bears, renewals"
IT Proficiency,When is IT Proficiency Pay discontinued?,"For suspended employees, those under Show Cause, two warning letters in same financial year, and during LPR (except encashment).","discontinuation, suspension, show cause, warning letters, LPR"
IT Proficiency,What is Category A certification example?,"Citrix Certified Administrator, Oracle Certified Associates, CompTIA A+, AWS Certified Solutions Architect - Associates.","category A, Citrix, Oracle, CompTIA, AWS"
IT Proficiency,What is Category B certification example?,"Citrix Certified Enterprise Administrator, Oracle Certified Professional, PMP, Six Sigma Green/Yellow Belt.","category B, CCEA, OCP, PMP, Six Sigma"
IT Proficiency,What is Category C certification example?,"Oracle Certified Master, Microsoft Certified Architect, Cisco Certified Internetwork Expert, CISSP.","category C, OCM, MCA, CCIE, CISSP"
IT Proficiency,Can Computer Allowance and IT Proficiency Pay be drawn together?,"No, Computer Allowance is not paid to those drawing IT Proficiency Pay.","computer allowance, combined, IT proficiency"
Foreign Stations,What allowances are payable to Pak-based employees at foreign stations?,"Five types: Foreign Allowance, Communication Allowance, House Rent, Conveyance Allowance, and Entertainment Allowance.","foreign station allowances, foreign allowance, communication allowance"
Foreign Stations,What is the Foreign Allowance for PG-IX at Dubai?,"AED 5,517 per month.","foreign allowance, Dubai, PG IX, AED 5517"
Foreign Stations,What is the Foreign Allowance for PG-V at Dubai?,"AED 2,780 per month.","foreign allowance, Dubai, PG V, AED 2780"
Foreign Stations,What is the Foreign Allowance for PG-IX at London?,"GBP 1,998 per month.","foreign allowance, London, PG IX, GBP 1998"
Foreign Stations,What is the Foreign Allowance for PG-V at London?,"GBP 1,039 per month.","foreign allowance, London, PG V, GBP 1039"
Foreign Stations,What is the Foreign Allowance for PG-IX at New York?,"USD 2,405 per month.","foreign allowance, New York, PG IX, USD 2405"
Foreign Stations,What is the Foreign Allowance for PG-V at New York?,"USD 1,250 per month.","foreign allowance, New York, PG V, USD 1250"
Foreign Stations,What is the House Rent Allowance for PG-IX at Dubai?,"AED 9,000 per month.","house rent, Dubai, PG IX, AED 9000"
Foreign Stations,What is the House Rent Allowance for PG-IX at London?,"GBP 1,600 per month.","house rent, London, PG IX, GBP 1600"
Foreign Stations,What is the House Rent Allowance for PG-IX at New York?,"USD 2,000 per month.","house rent, New York, PG IX, USD 2000"
Foreign Stations,What is the TA/DA rate for Chiefs at Kabul?,USD 222 per day.,"TA/DA, Kabul, chiefs, USD 222"
Foreign Stations,What is the TA/DA rate for Chiefs at New York?,USD 390 per day.,"TA/DA, New York, chiefs, USD 390"
Foreign Stations,What is the TA/DA rate for PG V-IX at Toronto?,USD 186 per day.,"TA/DA, Toronto, PG V-IX, USD 186"
Foreign Stations,What is the TA/DA rate for Chiefs at Dubai?,USD 185 per day.,"TA/DA, Dubai, chiefs, USD 185"
Foreign Stations,What is the TA/DA rate for Chiefs at London?,USD 196 per day.,"TA/DA, London, chiefs, USD 196"
Foreign Stations,What is the Education Allowance amount per month per child?,"Up to US$275 per month per child for tuition fee only, reimbursed against receipt.","education allowance, USD 275, tuition fee, per child"
Foreign Stations,How many children are covered under Education Allowance?,Up to three children having Pakistani Nationality alone.,"education allowance, 3 children, Pakistani nationality"
Foreign Stations,What age range does Education Allowance cover?,Children from Class-I to Class-X (or equivalent) with minimum age 6 and maximum age 18.,"education allowance, Class 1-10, age 6-18"
Foreign Stations,What alternative is available for Education Allowance without claiming tuition fee?,"Rs.1,500 per month per child (up to 3 children) with no receipt required, only an undertaking.","education allowance alternative, Rs.1500, no receipt"
Foreign Stations,Are American or British Schools covered under Education Allowance?,"No, the facility shall not cover admissions in American or British Schools as a matter of policy.","education allowance, American schools, British schools, exclusion"
Foreign Stations,In which countries is Education Allowance applicable?,"Europe (Belgium, Austria, CIS, Denmark, France, Germany, Greece, Italy, Norway, Spain, Sweden, Netherlands, Switzerland, Turkey), Far East (Australia, Hong Kong, Indonesia, Japan, Malaysia, Nepal, Philippines, South Korea, Thailand), Middle East/Africa (Egypt, Jordan, Lebanon, Johannesburg, Kenya, Kuwait, Somalia, Syria, Tanzania, Saudi Arabia, Bahrain, Iran, Iraq, Libya, Oman, North Yemen, Qatar, UAE).","education applicable countries, Europe, Far East, Middle East"
Foreign Stations,In which countries is Education Allowance NOT applicable?,"Europe/America: Canada, Russia, UK, USA; Far East: China, Bangladesh, India, Sri Lanka, Maldives, Myanmar, Singapore.","education not applicable, Canada, Russia, UK, USA, China"
Foreign Stations,What is the procedure for Education Allowance reimbursement?,"Prior approval from Policies & Compensation required, with photostats of school tuition fee receipts attached.","education allowance procedure, prior approval, receipts"
Meal,What is Meal Allowance and when is it paid?,"Rs.100 per duty to Officers/Staff where Canteen facility is not available, paid through ERP Self Service Request.","meal allowance, Rs.100, canteen not available, ERP"
Grooming,What is Grooming Allowance for female staff?,"Rs.1,000 per month to all female Staff and Officers.","grooming allowance, female staff, Rs.1000"
Entertainment,What is Entertainment Allowance (Accountable)?,"Position-related allowance for Area/Station Heads and field staff to entertain clients/agents, reimbursed against bills/vouchers.","entertainment allowance, accountable, bills vouchers"
Entertainment,Is Entertainment Allowance part of take-home salary?,"No, it is accountable, not a part of take-home salary.","entertainment allowance, not take-home, accountable"
Entertainment,What is Entertainment Expenses (Accountable)?,"Allocated to Executive officers for day-to-day office expenses including newspapers, magazines, tea, refreshment from within budget.","entertainment expenses, accountable, executive officers"
Kilometre,What is Kilometre Allowance for employees using own vehicle?,Rs.15 per Kilometre for employees using personal cars for official duties (amended 27-07-2016).,"kilometre allowance, Rs.15, own vehicle"
Kilometre,What is Kilometre Allowance for employees using other modes?,Rs.7 per Kilometre for employees using other modes.,"kilometre allowance, Rs.7, other modes"
Kilometre,What is the maximum Kilometre Allowance ceiling for Karachi?,"1,100 km per month.","kilometre ceiling, Karachi, 1100 km"
Kilometre,What is the maximum Kilometre Allowance ceiling for Rawalpindi?,"1,000 km per month.","kilometre ceiling, Rawalpindi, 1000 km"
Kilometre,What is the maximum Kilometre Allowance ceiling for Peshawar?,900 km per month.,"kilometre ceiling, Peshawar, 900 km"
Kilometre,What is the maximum Kilometre Allowance ceiling for Quetta?,600 km per month.,"kilometre ceiling, Quetta, 600 km"
Transport,Who is eligible for Sales Promotion Transport Allowance?,"District Manager, District Sales Manager, Pax/Cargo Sales Manager, Assistant District/PAX/Cargo Manager, Sr. Sales Promotion Officer, Sales Promotion Officer, Sales Representative (Pax/Cargo), DGM Pax/Cargo Sales (Corporate), Manager Interline/Interline Officers.","transport allowance, sales promotion, eligible officers"
Transport,What is the Mileage Expense rate for own car for Sales Promotion Officers?,Rs.7 per Kilometre subject to maximum ceiling per month.,"mileage expense, own car, Rs.7"
Transport,What is the Mileage Expense rate for Company car for Sales Promotion Officers?,Rs.5 per Kilometre subject to maximum ceiling per month.,"mileage expense, company car, Rs.5"
Transport,Can Sales Promotion Officers get both Mileage Expense and Conveyance Allowance?,"Yes, officers paid Mileage Expense are also entitled to Car Maintenance/Conveyance Allowance in addition.","mileage expense, conveyance allowance, combined"
Transport,What is the Kilometre Expense rate for UK territory?,USD 2 per Mile or equivalent in local currency.,"kilometre expense, UK, USD 2 per mile"
Transport,What is the Kilometre Expense rate for Toronto?,USD 3 per KM or equivalent in local currency.,"kilometre expense, Toronto, USD 3 per km"
Overtime,Which five holidays qualify for double overtime?,"1st day Eid-ul-Fitr, 10th Zilhaj, 10th Moharram, Eid-e-Milad-un-Nabi OR Dussehra (Hindu), Quaid-e-Azam's Birthday and Christmas.","double overtime, holidays, Eid, Moharram, Christmas"
Overtime,How is Overtime calculated for staff PG I-IV?,Using formula: basic pay plus all allowances divided by 208.,"overtime formula, PG I-IV, basic pay, allowances, 208"
Overtime,Is overtime paid through separate vouchers?,"No, overtime is only paid along with the monthly salary.","overtime payment, monthly salary, no vouchers"
Overtime,Are contractual employees entitled to overtime?,"Yes, contractual/daily-wage employees are entitled to overtime, even if not stated in contract.","contractual employees, overtime entitlement"
Overtime,What rest period applies for shift workers working 12-16 hours?,Minimum 12 hours rest.,"shift worker rest, 12-16 hours, 12 hours"
Overtime,What rest period applies for shift workers working beyond 16 hours?,Minimum 24 hours rest.,"shift worker rest, beyond 16 hours, 24 hours"
Overtime,What is the overtime rate for hours under 48/week?,Single rate.,"overtime single rate, under 48 hours"
Overtime,What is the overtime rate for hours exceeding 48/week?,Double rate.,"overtime double rate, over 48 hours"
Overtime,Who authorizes overtime at Karachi/Islamabad?,General Managers/Equivalents and above only.,"overtime authorization, Karachi, Islamabad, General Managers"
Overtime,Who authorizes overtime at domestic stations?,Respective Station Heads obtain approval from concerned Departmental Heads with justification.,"overtime authorization, domestic stations, Station Heads"
Overtime,How is double overtime calculated for holiday shifts spanning midnight?,Shifts falling entirely or partly within holiday's 0000-0000 window get double overtime for hours within holiday period.,"double overtime, holiday shifts, midnight calculation"
Settling-In,What is Settling-In Allowance for married employees?,Two months' Basic Pay for Married or Widow/Widower with children.,"settling-in, married, 2 months basic pay"
Settling-In,What is Settling-In Allowance for unmarried employees?,One month's Basic Pay for Unmarried or Widow/Widower with no children.,"settling-in, unmarried, 1 month basic pay"
Settling-In,When is Settling-In Allowance NOT paid?,Not paid to employees transferred at their own request.,"settling-in, self-request, not paid"
Settling-In,Is Settling-In Allowance paid to new entrants?,"No, new entrants appointed at station other than recruitment station are not treated as on ""Transfer"".","settling-in, new entrant, not transfer"
Settling-In,What percentage advance can be sanctioned for Settling-In Allowance?,50% of the amount may be sanctioned as an advance.,"settling-in advance, 50%"
Settling-In,What is paid when free accommodation is provided?,50% of the settling-in-allowance applicable shall be paid.,"settling-in, free accommodation, 50%"
Settling-In,Can Settling-In Allowance be paid within 3 months of last transfer?,"No, if permanent re-transfer is made within three months of the last transfer.","settling-in, 3 months, no payment"
Settling-In,What is the Settling-In Allowance for husband and wife both transferred?,Only one full benefit; other gets 50% of settling-in allowance only.,"husband wife transfer, 50%, one full benefit"
Shift,What is Shift Allowance for PG I-II?,Rs.375 per month.,"shift allowance, PG I-II, Rs.375"
Shift,What is Shift Allowance for PG III-IV?,Rs.410 per month.,"shift allowance, PG III-IV, Rs.410"
Shift,What is Shift Allowance for PG V?,Rs.500 per month.,"shift allowance, PG V, Rs.500"
Shift,What is Shift Allowance for PG VI?,Rs.600 per month.,"shift allowance, PG VI, Rs.600"
Shift,What is Shift Allowance for PG VII and above?,Rs.700 per month.,"shift allowance, PG VII+, Rs.700"
Shift,When is full Shift Allowance paid during leave?,"If on leave for less than 15 days in calendar month and resumes shift work, paid at full rate.","shift allowance, leave less than 15 days, full rate"
Shift,When is 50% Shift Allowance paid during leave?,"If on leave for 15-20 days in a calendar month and resumes shift work, 50% rate applicable.","shift allowance, leave 15-20 days, 50%"
Shift,When is Shift Allowance NOT paid during leave?,"If on leave for more than 20 days, no shift allowance is paid.","shift allowance, leave over 20 days, no payment"
Shift,What is Night Shift Allowance for PG I-II?,Rs.84 per night for actual night duties between 23:30 to 06:30.,"night shift, PG I-II, Rs.84"
Shift,What is Night Shift Allowance for PG III-IV?,Rs.102 per night for actual night duties between 23:30 to 06:30.,"night shift, PG III-IV, Rs.102"
Shift,What is Night Shift Allowance for PG V and above?,Rs.250 per night for actual night duties between 23:30 to 06:30.,"night shift, PG V+, Rs.250"
Shift,Is Night Shift Allowance paid in addition to overtime?,"No, Night Shift Allowance is not paid in addition to overtime payment wherever applicable.","night shift, overtime, not combined"
Secretariat,What is Special Allowance for Special Assistants in Chairman/CEO Secretariat?,"Rs.10,000 per month in lieu of overtime, meal allowance & taxi charges.","special assistants, Rs.10000, chairman secretariat"
Secretariat,What is Special Allowance for Dy. General Manager PG-IX in CEO Secretariat?,"Rs.8,600 per month.","Dy GM, Rs.8600, CEO secretariat"
Secretariat,What is Special Allowance for Managers/Assistant Managers PG VII/VIII in CEO Secretariat?,"Rs.7,200 per month.","managers, Rs.7200, CEO secretariat"
Secretariat,What is Special Allowance for Officers PG V/VI in CEO Secretariat?,"Rs.6,000 per month.","officers, Rs.6000, CEO secretariat"
Secretariat,What is Special Allowance for Staff PG III/IV in CEO Secretariat?,"Rs.4,800 per month.","staff, Rs.4800, CEO secretariat"
Secretariat,What is Special Allowance for Staff PG I/II in CEO Secretariat?,"Rs.3,600 per month.","staff, Rs.3600, CEO secretariat"
Secretariat,What is Special Allowance for Secretary to Chairman/CEO?,"Rs.3,000 per month.","secretary, Rs.3000, CEO secretariat"
Secretariat,What is Special Allowance for Protocol Officers PG V/VI in CEO Secretariat?,"Rs.7,200 per month.","protocol officers, Rs.7200, CEO secretariat"
Secretariat,What is Special Allowance for Drivers attached with Chairman/CEO?,"Rs.3,000 per month.","drivers, Rs.3000, CEO secretariat"
Secretariat,What is Special Allowance for Security Guard PG I/II in CEO Secretariat?,"Rs.4,000 per month.","security guard, Rs.4000, CEO secretariat"
Secretariat,When does Special Allowance for CEO Secretariat cease?,"On posting/re-assignment out of the CEO Secretariat, from the date of release.","CEO secretariat, ceases, posting out"
Secretariat,What is Special Allowance for Officers in Corporate Secretariat?,"Rs.10,000 per month.","corporate secretariat, officers, Rs.10000"
Secretariat,What is Special Allowance for Staff in Corporate Secretariat?,"Rs.5,000 per month.","corporate secretariat, staff, Rs.5000"
Secretariat,When does Special Allowance for Corporate Secretariat cease?,"On posting/re-assignment out of the Corporate Secretariat, from date of release.","corporate secretariat, ceases, posting out"
Maternity,What is Maternity Allowance for normal delivery?,"Rs.20,000.","maternity allowance, normal delivery, Rs.20000"
Maternity,What is Maternity Allowance for minor surgical intervention?,"Rs.25,000.","maternity allowance, surgical, Rs.25000"
Maternity,What is Maternity Allowance for caesarean cases?,"Rs.35,000.","maternity allowance, caesarean, Rs.35000"
Maternity,What documents are required for Maternity Allowance claim?,"Original hospital bill with cash receipt, medical store receipts with prescriptions, photocopy of birth certificate, blood group, laboratory receipts, discharge certificate.","maternity documents, hospital bill, birth certificate"
Maternity,What is the procedure for PG I-IV married employees to claim Maternity Allowance?,"Application certified by Sectional Head, supported by birth certificate from local authorities, submitted within 90 days of certificate issuance.","maternity procedure, PG I-IV, application, birth certificate"
Maternity,What is the procedure for Officers PG V and above to claim Maternity Allowance?,Submit claim to Chief Medical Officer/Chief Flight Surgeon through HR/Business Manager for verification.,"maternity procedure, PG V+, CMO, verification"
Maternity,Are contractual employees eligible for Maternity Allowance?,"Yes, with minimum 2 years of contract and fixed in proper pay scales equivalent to PG I-IV.","maternity allowance, contractual, 2 years contract"
Maternity,What is Maternity Leave for female employees including contractual?,90 days Maternity Leave with full pay on PIA Medical Officer recommendations.,"maternity leave, 90 days, full pay"
Maternity,What is Maternity Leave for Female Pilots/Cabin Crew?,"90 days with full pay, two times during service, on PIA Medical Officer recommendations.","female pilots, cabin crew, maternity leave, 90 days, twice"
Maternity,What is the pregnancy reporting timeline for Female Cabin Crew/Pilots?,6-8 weeks immediately upon receipt of information regarding pregnancy.,"pregnancy reporting, 6-8 weeks, cabin crew, pilots"
Maternity,What happens with late reporting of pregnancy beyond 08 weeks?,"Maternity Leave reduced from conception date to reporting date, may be liable for administrative action.","late reporting, reduction, administrative action"
Maternity,What is the policy for third pregnancy for Female Cabin Crew/Pilots?,Not entitled to Maternity Leave or Sick Leave; Leave without pay allowed.,"third pregnancy, no maternity, LWP"
Maternity,What Board reviews fitness after Maternity Leave for Cabin Crew?,"Board comprising GM Crew Planning, GM Medical Services, Flight Surgeon, DGM Flight Services, Grooming Officer, HR Business Manager.","maternity board, fitness, crew planning, medical services"
Maternity,What happens if Board is not satisfied with fitness after Maternity Leave?,"Additional 3 months LWP to improve; if fails, may recommend ground duty or termination.","board not satisfied, additional LWP, ground duty, termination"
Leave General,What is the regulatory framework for PIA leave policies?,Regulated under PIAC Employees (Service & Discipline) Regulations – 1985 and Personnel Policies Manual.,"leave regulation, service discipline, policy manual"
Leave General,Can an employee be recalled from leave before expiry?,"Yes, Chief concerned may recall in service exigencies, but remaining leave must be taken subsequently preferably same calendar year.","recall from leave, exigencies, chief authority"
Leave General,What happens to employees off-loaded/denied boarding?,Not treated as on duty; adjusted against PL or LWP. Employees must obtain endorsement on ticket jackets.,"off-loaded, denied boarding, PL adjustment, LWP"
Leave General,Are deputationists entitled to additional leave from parent department?,"Yes, additional PL from parent department credited but total not exceeding 365 days maximum limit.","deputationists, parent department leave, 365 days maximum"
Leave General,Can contractual employees carry forward PL upon permanent absorption?,"Yes, previous PL balances carried forward as on date of permanent absorption.","contractual absorption, PL carry forward"
Leave General,Does contractual service count for PL entitlement upon permanent absorption?,"Yes, contractual service period counted for determining PL entitlement and SL accumulation as per regular employees.","contractual service, PL entitlement, SL accumulation"
Leave General,Are apprentices entitled to leave?,"Yes, on same scale as regular employees of the Company.","apprentices, leave entitlement, regular employees"
Casual Leave,Can Casual Leave be combined with Day-off?,"Generally no, except for Aircraft Engineers who can combine Casual Leave with Day-off with prior approval.","CL day off combination, aircraft engineers"
Casual Leave,What is the Casual Leave policy for Pilots in emergencies?,Can claim CL and submit on next working day; habitual offenders may face penalties.,"pilot CL, emergency, next working day, habitual"
Casual Leave,What is the Casual Leave calculation for Cabin Crew on roster?,24 hours basis from starting of duty.,"cabin crew CL, roster, 24 hours"
Casual Leave,What is the Casual Leave calculation for Cabin Crew in pool?,24 hours basis starting from completion of rest of last duty performed.,"cabin crew CL, pool, 24 hours, rest completion"
Casual Leave,What is the Casual Leave entitlement for contractual employees?,Same as permanent: 10 days per calendar year.,"contractual CL, 10 days"
Casual Leave,Does Casual Leave get carried forward?,"No, unused CL lapses at end of each calendar year.","CL carry forward, lapse, no carryover"
Casual Leave,Can Casual Leave be combined with Privilege Leave?,"Generally not, except for Aircraft Engineers who can combine CL with Day-off.","CL PL combination, aircraft engineers only"
Casual Leave,Is half day Casual Leave allowed?,"No, half day Casual Leave or any other leave is not allowed.","half day CL, no half day leave"
Sick Leave,Is Sick Leave accumulative?,"Yes, for permanent employees, un-availed SL is accumulative during service.","SL accumulation, carry forward, permanent employees"
Sick Leave,Do employees need medical certificate for one day's Sick Leave?,"General employees: No. Cabin Crew: Yes, from PIA Air Crew Medical Centre.","SL certificate, one day, cabin crew, medical centre"
Sick Leave,What medical certificate is required for 2+ days Sick Leave?,PIA Medical Officer certificate.,"SL 2+ days, PIA medical officer"
Sick Leave,What medical certificate is required for Sick Leave exceeding 48 hours?,Medical certificate from Company Medical Officer.,"SL over 48 hours, company medical officer"
Sick Leave,What medical certificate is required for Sick Leave exceeding 12 days/year?,Registered Medical Practitioner or PIA Medical Officer/Homeopath Doctor.,"SL over 12 days, registered practitioner"
Sick Leave,What is the Sick Leave policy for Pak-based employees at foreign stations?,No medical certificate required for one day's SL.,"foreign station SL, no certificate for 1 day"
Sick Leave,What is the procedure upon return from foreign station sick leave?,Report to GM Medical Services/Dy. CMO for verification/authentication of medical certificates over two weeks.,"foreign SL return, verification, GM medical"
Sick Leave,Is a fitness certificate required after long sickness?,"Yes, medical fitness certificate from PIA Doctor required in case of sickness exceeding seven days at a stretch.","fitness certificate, long sickness, PIA doctor"
Sick Leave,What is the Sick Leave entitlement for Pilots?,12 days with full pay and allowances for each completed year of service; accumulated up to any extent.,"pilot SL, 12 days, accumulation"
Sick Leave,What happens when a Pilot is temporarily grounded?,Full salary and allowances until declared fit to fly or medically permanently unfit.,"pilot grounded, full salary, medical board"
Sick Leave,What is the Sick Leave policy for Aircraft Engineers?,"As per Company rule, accumulated up to any extent during service.","aircraft engineer SL, accumulation"
Sick Leave,What medical certificate is needed for Aircraft Engineers off-station?,"Registered Practitioner certificate, endorsed by base station Company doctor.","aircraft engineer SL, off-station, endorsement"
Sick Leave,What happens to Aircraft Engineer with work injury/disability?,Entitled to Accident Leave with full salary and benefits as per company policy.,"aircraft engineer accident, full salary, accident leave"
SSL,What is the maximum SSL entitlement for regular employees?,18 months (1.5 years) in entire service either in piecemeal or at a stretch.,"SSL, 18 months, one and half years"
SSL,When does SSL start?,"After 30 days of continuous sickness; first Sick Leave consumed, then PL, then SSL.","SSL start, 30 days, adjustment"
SSL,What is required for SSL up to 180 days?,Prescribed medical certificate from PIA Medical Officer stating patient under specialist treatment and leave recommended.,"SSL 180 days, medical certificate, specialist"
SSL,What is required for SSL exceeding 180 days?,Recommendation of Medical Board.,"SSL over 180 days, medical board"
SSL,Who comprises the Medical Board for non-Air Crew employees?,"SGM Medical Services (President), DGM from concerned department (Member), Dy. CMO (Member), HR Business Manager (Member/Secretary).","medical board members, non-air crew"
SSL,Who comprises the Medical Board for Air Crew employees?,"GM Medical Services (President), Dy. Chief Medical Officer Air Crew Medical Center (Member), DGM from concerned department (Member), HR Business Manager (Member/Secretary).","medical board members, air crew"
SSL,What can the Medical Board recommend?,"Further treatment for specified period, retirement on medical grounds, or report on inability to fly and grounding.","medical board recommendations, treatment, retirement, grounding"
SSL,What is the SSL policy for Contractual Employees?,"Up to 20 days per contract year, exceptional cases up to 30 days by competent authority.","contractual SSL, 20 days, 30 days"
SSL,What is the SSL for Pak-based employees at foreign stations?,"Up to 02 months by Competent Authority, subject to PIA Medical Officer care.","foreign station SSL, 2 months, PIA medical officer"
SSL,What happens if sickness exceeds 60 days at foreign station?,May be posted back to Pakistan on Medical Board recommendation.,"foreign station, over 60 days, posting back"
SSL,Who approves SSL for Cabin Crew?,All decisions for Cabin Crew long sick leaves made and decided by CEO.,"cabin crew SSL, CEO approval"
SSL,What is the SSL policy for Cockpit Crew?,"If grounding continues, pilot continues on SSL not exceeding 78 weeks.","cockpit crew SSL, 78 weeks"
PL,What is PL entitlement after 1 year service?,30 days for each completed year of service.,"PL, 30 days, 1 year service"
PL,What is PL entitlement after 10 years service?,35 days for each completed year of service.,"PL, 35 days, 10 years service"
PL,What is the maximum PL accumulation limit?,365 days during entire service.,"PL accumulation, 365 days maximum"
PL,When can new employees take PL?,"On prorate basis after 3 months of service, at 2.5 days per month earned.","new employee PL, 3 months, prorate"
PL,What is the minimum period for PL?,Normally at a stretch; emergency less than 5 days for death of near relative.,"PL minimum, 5 days, emergency"
PL,Can PL be refused?,"Yes, reasons conveyed in writing; deferred for maximum one calendar year.","PL refusal, reasons, deferment, one year"
PL,What is PL encashment allowed for?,"Death during service, services no longer required/early retirement, medically grounded Cockpit Crew.","PL encashment, death, retirement, grounding"
PL,What is the Leave Choice submission deadline for Pilots?,31st October of each year; three distinct choices required.,"pilot PL choice, Oct 31, three choices"
PL,How is Pilot leave choice accommodated?,According to seniority and turn; priority to those giving choices.,"pilot PL accommodation, seniority"
PL,What is the PL payment for Pilots while on leave?,Seventy (75) hours guaranteed Flying Allowance.,"pilot PL payment, 75 guaranteed hours"
PL,What is Foreign Earned Leave (FEL)?,"Leave earned by Pak-based employees at foreign stations, must be availed before returning to Pakistan.","FEL, foreign earned leave, before return"
PL,What is the minimum FEL period?,Minimum 3 days.,"FEL minimum, 3 days"
PL,Can FEL be encashed?,"No, encashment of FEL is not allowed.","FEL encashment, not allowed"
PL,Can FEL be combined with accumulated PL?,"Yes, refused FEL @ 15 days per entitlement year combined with accumulated PL with CHRO/CEO approval.","FEL PL combination, refused FEL, CHRO approval"
PL,What happens to employees recalled before foreign tenure expiry?,Un-availed FEL allowed to accumulate with PL in Pakistan.,"FEL recall, accumulation with PL"
PL,What is the FEL policy for Pak-based employees at foreign stations?,Allowed to avail FEL for minimum 3 days with specific approval of Departmental Heads on Area/Station Head recommendation.,"FEL approval, departmental heads, area station head"
LPR,What is Leave Preparatory to Retirement?,"Accumulated PL (up to 365 days) authorized before retirement, last day coinciding with retirement date.","LPR, retirement, 365 days"
LPR,Can employees work during LPR?,"Yes, with Management approval; encashment at half salary for period worked.","LPR work, encashment, half salary"
LPR,What are conditions for LPR encashment?,"Clean service record, Above Average PAR ratings for last 2 years, Sound Health (GM Medical certification).","LPR conditions, clean record, PAR ratings, health"
LPR,What is the maximum period for LPR duty performance?,Not exceed one year (365 days).,"LPR duration, 365 days"
LPR,What benefits are paid during LPR for Pilots?,"Fixed allowances including guaranteed 50 hours, Disturbance Allowance, Incentive Flying Allowance. Slip/Non-Slip excluded.","LPR pilot benefits, 50 hours, disturbance allowance"
LPR,Can retiring employees engage in other employment during LPR?,"Yes, Management has no objection.","LPR employment, no objection"
LPR,Is LPR encashment currently allowed?,Encashment discontinued; up to 180 days @ 50% salary may be allowed with CEO approval on case-to-case basis.,"LPR encashment, discontinued, 180 days, 50%"
LPR,Is leave earned during LPR?,"No, no leave is earned during LPR.",LPR no leave earning
Accident Leave,What is Accident/Disability Leave?,"Leave for injuries caused by accident arising out of and in course of employment, or illness from performance of assigned duties.","accident leave, disability leave, work-related"
Accident Leave,How long is Accident Leave?,"Up to maximum 3 months, authorized by competent authority.","accident leave duration, 3 months"
Accident Leave,Is Accident Leave covered by Workmen's Compensation Act?,"Yes, employees governed by Workmen's Compensation Act and/or National Health Insurance Scheme have payments adjusted.","accident leave, workmen's compensation, adjustment"
Accident Leave,What if a Pilot has work accident?,Entitled to full salary and benefits.,"pilot accident, full salary, benefits"
Quarantine Leave,What is Quarantine Leave?,Leave when employee and/or family members suffering from disease warranting quarantine and no sick leave available.,"quarantine leave, isolation, contagious disease"
Quarantine Leave,How long is Quarantine Leave?,Maximum 30 days as recommended by PIA Medical Officer.,"quarantine leave, 30 days"
Quarantine Leave,Who grants Quarantine Leave for Pilots?,Chief of Flight Operations against medical certificate from GM Medical Services/Chief Flight Surgeon.,"pilot quarantine, Chief Flight Operations"
Special Leave,What is Special Leave?,"3 months with pay once during service for extreme compassionate grounds, sickness, accident, and Iddat where no leave at credit.","special leave, 3 months, compassionate grounds"
Special Leave,Who approves Special Leave?,"CEO/Chief HR Officer as per Schedule of Powers, processed through Chief concerned.","special leave approval, CEO, CHRO"
Special Leave,Is Special Leave allowed for arrest/detention?,"No, under no circumstances for periods of arrest or detention under Government orders.","special leave, arrest, detention, no leave"
Special Leave,What is Iddat Leave?,"130 days with full pay for female employees to observe religious Iddat obligation, approved by Chief HR Officer.","Iddat leave, 130 days, female, religious"
Special Leave,Is Iddat Leave counted against other leave?,"No, granted exclusively without exhausting PL or any other paid leave.","Iddat leave, exclusive, no exhaustion"
Special Leave,What is Special Leave for Rover Scouts?,"Up to 03 months for participating in authorized coaching camps, National/International Scout events and Jamborees.","rover scouts, 3 months, jamboree"
Special Leave,What is Special Leave for Sports personnel?,Up to 03 months for international sporting events representing Pakistan; TA/DA responsibility of Sports Federation.,"sports personnel, 3 months, international events"
Special Leave,Can female contractual employees get Special Leave for Iddat?,"Yes, up to 90 days once during service, provided no other leave at credit, within contract period.","female contractual, iddat, 90 days"
Special Leave,What is Special Leave for Release of PIA Sports Personnel?,Period treated as on duty up to 3 months when released on request of Sports Federation for international events.,"sports release, duty status, 3 months"
LWP,What is Leave Without Pay eligibility?,Employees who have completed minimum one year's service (regular or contractual or combination).,"LWP eligibility, 1 year service"
LWP,What are the reasons for LWP?,"Sickness, Study, Continuation of maternity leave, Self-arranged secondment/gainful employment, Spouse transfer, Unforeseen personal exigency.","LWP reasons, sickness, study, maternity, secondment"
LWP,What is the maximum LWP period?,03 years once during service.,"LWP maximum, 3 years"
LWP,Can LWP be taken in piecemeal?,"No, allowed in one go and not in piecemeal.","LWP, one go, no piecemeal"
LWP,What happens to position during LWP up to 120 days?,"Position remains frozen, no replacement action taken.","LWP position, frozen, up to 120 days"
LWP,What happens to position during LWP exceeding 120 days?,Position deemed vacant; replacement can be hired.,"LWP position, vacant, over 120 days"
LWP,What happens to employee upon return from LWP exceeding 120 days?,May be placed in vacant position at Management discretion; no right to claim previous position.,"LWP return, vacant position, no claim"
LWP,Do employees vacate accommodation during LWP?,"Yes, if LWP exceeding 6 months, must vacate Company accommodation within 3 months of approval.","LWP accommodation, vacate, 3 months"
LWP,What benefits are lost during LWP exceeding 120 days?,"Medical facility (except sickness cases), Seniority/Promotion, Annual/Merit Increase, Passage facility, No leave earned, Pension/PF benefits.","LWP benefits lost, medical, seniority, passage"
LWP,Can employees get passage facility during LWP?,No passage facility for LWP exceeding 120 days; only ZED Fare passages allowed.,"LWP passage, ZED, no facility"
LWP,What is the LWP policy for both spouses?,One spouse on LWP exceeding 120 days loses own medical/passage but can avail spouse's with prior written option.,"LWP spouses, medical, passage option"
LWP,What is the LWP policy for Foreign Posting?,Employees on Foreign Posting not allowed to seek LWP during posting and for at least 3 years from return.,"LWP foreign posting, 3 years restriction"
LWP,Can LWP be cancelled early?,"Yes, subject to approval; if rejoin within 120 days: previous position; if after 120 days: subject to vacancy.","LWP cancellation, early return, vacancy"
LWP,Who approves LWP?,CEO: >1 year to 3 years; CHRO: >180 days to 1 year; Chief Concerned: Up to 180 days.,"LWP approval, CEO, CHRO, Chief"
LWP,What is the LWP policy for Pilots?,Not entertained for self-arranged secondment; Study Leave as per rules; Self-secondment may be allowed for 3 years.,"pilot LWP, no secondment, study leave"
LWP,What is the LWP policy for Cabin Crew?,Not granted LWP due to shortage; all LWP decisions for Cabin Crew made by CEO.,"cabin crew LWP, shortage, CEO"
LWP,What is the LWP policy for Aircraft Engineers?,As per Company rules; period exceeding 120 days not counted in service; seniority reviewed accordingly.,"aircraft engineer LWP, 120 days, seniority"
Days Off,What is the Day Off validity in Pakistan?,Must be availed within maximum 180 days.,"day off validity, 180 days"
Days Off,What is the Day Off validity for Aircraft Engineers at domestic/foreign stations?,"365 days, can be availed with PL/FEL.","aircraft engineer day off, 365 days"
Days Off,How many mandatory Days Off for Cockpit Crew?,7 mandatory Days Off in a calendar month at base stations.,"cockpit crew days off, 7 days"
Days Off,Can Days Off be combined with Casual Leave?,"Generally no, except for Aircraft Engineers with prior approval.","day off CL combination, aircraft engineers"
Days Off,What happens to Days Off if Extended Duty/Denied Rest allowance paid?,No Day Off for hours paid (capped at 24 hours/person/month).,"day off, extended duty, denied rest, capping"
Days Off,How are excess hours beyond 24 hours converted to Day Off?,8 hours extended duty/denied rest = 1 Day Off; 5-8 hours = 1 Day Off; less than 5 hours = nothing.,"day off conversion, 8 hours, excess"
Days Off,Are shift workers working on weekly off entitled to Day Off?,"Yes, get a Day Off in lieu thereof.","shift worker, weekly off, day off"
Days Off,Are shift workers working on gazetted holiday entitled to Day Off?,"Yes, get a Day Off.","shift worker, gazetted holiday, day off"
Days Off,What happens if weekly off falls on gazetted holiday and staff works?,Entitled to one Day Off only for weekly off (not two).,"weekly off on gazetted holiday, one day off"
Days Off,What are the 5 approved holidays with no Day Off?,"1st Eid-ul-Fitr, 10th Zilhaj, 10th Moharram, Eid-e-Milad-un-Nabi/Dussehra (Hindu), Quaid-e-Azam's Birthday/Christmas - double overtime instead.","holidays no day off, Eid, Moharram, double overtime"
Days Off,When is Day Off NOT admissible for Aircraft Engineers?,When Extended Duty/Denied Rest Allowance paid; no day off in lieu.,"aircraft engineer, extended duty, no day off"
Days Off,What is the Day Off policy for Pak-based employees abroad?,Work on weekly off/closed holiday = Day Off under Station Head arrangement.,"Foreign station day off, Station Head"
