Category,Question,Answer,Keywords,Reference
CATEGORY 1: DEFINITIONS & BASIC ENTITLEMENTS,What is Outdoor Treatment?,Outdoor treatment is medical care given at PIA Medical Centers (not at residence) for ailments which do not need hospitalization.,"Outdoor treatment, OPD, PIA Medical Centers, non-hospitalization",20.01.01
CATEGORY 1: DEFINITIONS & BASIC ENTITLEMENTS,What is Indoor Treatment?,Indoor treatment is medical care given in PIA hospitals or hospitals approved by the Company.,"Indoor treatment, hospitalization, PIA hospitals, approved hospitals",20.01.02
CATEGORY 1: DEFINITIONS & BASIC ENTITLEMENTS,Who is included in Flight Crew definition?,"Flight Crew includes Pilots, Flight Engineers, Senior Flight Pursers, Pursers, Flight Stewards, and Airhostesses.","Flight Crew, Pilots, Flight Engineers, Pursers, Flight Stewards, Airhostesses",20.01.03
CATEGORY 1: DEFINITIONS & BASIC ENTITLEMENTS,"Who is considered ""Family"" for medical benefits?","Family includes: spouse, unemployed unmarried sons up to age 27, dependent unmarried/widowed/divorced daughters of any age, dependent parents in Pakistan only, and special children of any age (with GM Medical certification).","Family definition, spouse, dependent children, parents, special children",20.01.04
CATEGORY 1: DEFINITIONS & BASIC ENTITLEMENTS,What if spouse is employed elsewhere with medical benefits?,The employed spouse must give written option to avail medical facilities either from PIA or from their own employer's organization.,"Spouse employed, option, medical facilities, written option",20.01.04
CATEGORY 1: DEFINITIONS & BASIC ENTITLEMENTS,Is adopted child entitled to medical facility?,"Yes, medical facility is admissible to adopted child when approved by the Management.","Adopted child, adoption, medical facility, Management approval",20.01.04
CATEGORY 1: DEFINITIONS & BASIC ENTITLEMENTS,Are special children eligible for medical facility after employee's retirement?,"Yes, special children of any age shall be admissible for lifetime medical facility subject to certification of GM (Medical Services) as admissible to serving employees within Pakistan.","Special child, lifetime medical facility, post-retirement, GM Medical Services",20.01.04(A)
CATEGORY 1: DEFINITIONS & BASIC ENTITLEMENTS,What happens to medical facility when a parent dies during service or after retirement?,"Medical facility transfers to dependent children on behalf of other parent, if admissible as per rules and provided both parents were employees of the Company.","Death of parent, dependent children, transfer of medical facility, both parents employees",20.01.04(B)
CATEGORY 1: DEFINITIONS & BASIC ENTITLEMENTS,What is Free Treatment Period?,The term means accumulated Privilege and Sick leave.,"Free Treatment Period, privilege leave, sick leave",20.01.05
CATEGORY 1: DEFINITIONS & BASIC ENTITLEMENTS,Can a widowed or divorced daughter re-enter dependency after marriage?,"No, re-entry of a widowed or divorced daughter who was earlier struck-off from dependency due to marriage shall NOT be considered as addition in family.","Widowed daughter, divorced daughter, dependency, re-entry, addition in family",20.1
CATEGORY 2: GENERAL POLICY GUIDELINES,Who provides medical coverage to PIA employees?,"PIA employees receive medical coverage from PIA Doctors, PIAC Emp. Hospitals, Laboratories, Clinics, Establishments, or from approved outside Specialists/Hospitals/Establishments according to approved arrangements by PIA Medical Division.","Medical coverage, PIA Doctors, approved hospitals, Medical Division",20.02.01(a)
CATEGORY 2: GENERAL POLICY GUIDELINES,Is PIA's medical expenditure unlimited?,"No, the Company is not committed to unlimited medical expenditure. The Company reserves the right to take decisions in cases where an individual is a financial drain on the medical budget.","Unlimited medical expenditure, medical budget, financial drain",20.02.02
CATEGORY 2: GENERAL POLICY GUIDELINES,"Is there employee contribution for medical expenses exceeding Rs. 200,000?","Effective from 01-01-2009, employee's contribution towards medical expenditures exceeding Rs. 200,000/- in case of hospitalization of self or dependent family member has been discontinued/withdrawn.","Rs. 200,000, employee contribution, hospitalization, discontinued",20.02.02
CATEGORY 2: GENERAL POLICY GUIDELINES,Who authorizes payments from the medical budget?,All payments from the medical budget are authorized by the GM (Medical Services) on his recommendation and approval by Chairman/CEO.,"Medical budget authorization, GM Medical Services, Chairman, CEO",20.02.03
CATEGORY 2: GENERAL POLICY GUIDELINES,Are contractual employees entitled to medical facilities?,"Contractual employees hired on consolidated salaries are entitled to medical facility for self, spouse and three dependent children OR medical allowance at specified rate. Parents are NOT entitled to medical facility.","Contractual employees, consolidated salaries, medical facility, medical allowance, parents excluded",20.02.16(b)
CATEGORY 2: GENERAL POLICY GUIDELINES,Are Armed Forces Personnel on deputation eligible for medical facilities?,"Yes, Armed Forces Personnel and Civil Government employees on deputation with PIA and their families shall be eligible for the same treatment as admissible under their service rules.","Armed Forces, deputation, service rules, eligibility",20.02.05
CATEGORY 2: GENERAL POLICY GUIDELINES,How does medical facility work when both husband and wife are PIA employees?,Medical facilities of one spouse shall be provided against their written option to the respective HR Business Manager/HR Officer.,"Both spouses employees, written option, HR Business Manager",20.02.06
CATEGORY 2: GENERAL POLICY GUIDELINES,What happens to medical facility on resignation before 25 years/55 years?,Medical facilities both for self and family shall NOT be admissible on resignation before completion of minimum of 25 years of service or 55 years of age.,"Resignation, 25 years service, 55 years age, no medical facility",20.02.13(a)
CATEGORY 2: GENERAL POLICY GUIDELINES,What happens to medical facility during Leave Without Pay (LWP) exceeding 120 days?,"During continuous LWP exceeding 120 days, employee is not entitled to medical facilities, except when LWP is granted on account of sickness. If both spouses are employees and one is on LWP, they can avail medical on behalf of spouse with prior written option.","Leave Without Pay, 120 days, medical facility, sickness, spouse",20.02.13(c)(d)
CATEGORY 2: GENERAL POLICY GUIDELINES,Can employees on secondment to PIA Holdings get medical facilities?,"Yes, PIA employees on secondment to PIA Holdings/PIA Investment Ltd. and their families including dependent parents shall be provided comprehensive medical facilities by the borrowing company. PIA charges Rs.300 per month per employee.","Secondment, PIA Holdings, borrowing company, comprehensive medical facilities",20.02.15
CATEGORY 2: GENERAL POLICY GUIDELINES,Are female Cabin Crew retiring with 10 years' service entitled to medical facilities?,"Yes, female Cabin Crew on retirement with at least 10 years' service shall be entitled to medical facilities for self within Pakistan only.","Female Cabin Crew, retirement, 10 years service, self only, Pakistan",20.02.08
CATEGORY 2: GENERAL POLICY GUIDELINES,What medical entitlements do retiring employees with 20 years service get?,Employees retiring on completion of 20 years service or attaining age 55 (with minimum 10 years pensionable service) shall be entitled to medical facilities for self & spouse as admissible to serving employees in Pakistan only.,"Retirement, 20 years service, 55 years, pensionable service, self & spouse",20.02.12(a)
CATEGORY 2: GENERAL POLICY GUIDELINES,Are employees on compulsory retirement entitled to medical facilities?,"No, on compulsory retirement from Service, medical facilities are not admissible.","Compulsory retirement, no medical facility",20.02.13(e)
CATEGORY 2: GENERAL POLICY GUIDELINES,Are employees dismissed/removed from service entitled to medical facilities?,"No, on Dismissal/Removal from Service, medical facilities are not admissible.","Dismissal, removal, no medical facility",20.02.13(f)
CATEGORY 3: PROCEDURES & ADMINISTRATION,What documents should employees produce at dispensaries?,Employee shall produce Medical Authorization Slip/Identity Card while visiting Dispensary for medical treatment.,"Medical Authorization Slip, Identity Card, dispensary",20.02.28
CATEGORY 3: PROCEDURES & ADMINISTRATION,What are the emergency cases eligible for reimbursement?,"Reimbursement is allowed for: a) Accidents/Bleeding, b) Heart Attacks, c) Unconsciousness and similar medical ailments.","Reimbursement, emergencies, accidents, heart attacks, unconsciousness",20.02.29
CATEGORY 3: PROCEDURES & ADMINISTRATION,What is the procedure for reimbursement claims?,"a) DGM HR/HR Business Manager certifies employee's location/strength on Pay Rolls, b) Certifies dependent particulars and entitlement, c) Retired employees submit directly to GM (Medical Services) with original retirement book.","Reimbursement procedure, certification, HR Business Manager, retired employees",20.02.29(a-c)
CATEGORY 3: PROCEDURES & ADMINISTRATION,Can employees carry their Medical History Book outside Medical Centers?,"No, Medical History Book is an official document and shall at all times remain in custody of Medical Division. Employee cannot carry it outside unless authorized in writing by treating Medical Officer/Senior Medical Officer/GM (Medical Services).","Medical History Book, official document, custody, authorization",20.02.26
CATEGORY 3: PROCEDURES & ADMINISTRATION,When is a Fitness Certificate required before resuming duty?,Sectional Heads shall ensure employees do not resume duty without Fitness Certificate from Company Doctor provided sickness exceeds seven days at a stretch.,"Fitness Certificate, resuming duty, sickness, 7 days",20.02.27
CATEGORY 3: PROCEDURES & ADMINISTRATION,What are Special Medical Examinations?,At times individuals may be requested by Departmental Head to present themselves for special examination. Employee shall not delay or refuse such examinations necessary for safety of self or co-workers.,"Special Medical Examination, Departmental Head, safety",20.02.31(a)
CATEGORY 3: PROCEDURES & ADMINISTRATION,Who must undergo Periodic Medical Examinations?,All food handlers and other employees exposed to industrial chemicals shall be examined periodically. Frequency shall be laid down by GM (Medical Services).,"Periodic Examination, food handlers, industrial chemicals, frequency",20.02.31(b)
CATEGORY 3: PROCEDURES & ADMINISTRATION,Are medical certificates from private doctors acceptable where PIA doctors are available?,"No, medical certificates issued by other doctors are not acceptable unless GM (Medical Services) is convinced employee could not get medical attention from PIA arrangements.","Private doctors, PIA doctors, medical certificates, GM Medical Services",20.02.32
CATEGORY 3: PROCEDURES & ADMINISTRATION,What is the procedure for countersignature of medical certificates?,"a) Up to 2 weeks: countersigned by any PIA Medical Officer, b) 2-8 weeks: Medical Officer In-charge, Airport Medical Centre, c) Beyond 8 weeks: Deputy Chief Medical Officer, d) Foreign stations: GM (Medical Services) for verification","Countersignature, sick leave duration, Medical Officer, Deputy Chief Medical Officer",20.02.33(a-d)
CATEGORY 3: PROCEDURES & ADMINISTRATION,Is ambulance service provided by PIA?,"Yes, ambulance when available shall be provided for serious cases between homes and Dispensary/Specialist/Hospital where referred. No reimbursement for privately hired ambulance/taxi.","Ambulance, serious cases, transportation, no private reimbursement",20.02.34
CATEGORY 3: PROCEDURES & ADMINISTRATION,Are employees entitled to medical treatment during paid leave?,"Yes, employee shall remain entitled to medical treatment during paid leave from any of the Company doctors.","Paid leave, medical treatment, Company doctors",20.02.35
CATEGORY 3: PROCEDURES & ADMINISTRATION,Is treatment without Company Medical Officer approval reimbursable?,"No, any expenditure incurred on treatment without approval of Company Medical Officer of the station shall not be reimbursed.","Approval required, Company Medical Officer, reimbursement",20.02.36(a)
CATEGORY 3: PROCEDURES & ADMINISTRATION,Will Company reimburse treatment during leave at stations without Company Doctors?,"No, Company shall not reimburse any expenditure incurred by employees who spend their leave at stations where Company's Doctors are not located.","Leave, no Company Doctors, no reimbursement",20.02.36(b)
CATEGORY 4: PILOTS' MEDICAL FACILITIES,What medical facilities are available for Pilots?,"At Karachi/Islamabad/Lahore, Company provides medical care/treatment at Aircrew Medical Centre headed by Aviation Medical Specialist. At least one Flight Surgeon and a Lady Doctor will be on duty exclusively for Pilots and their families.","Pilots, Aircrew Medical Centre, Flight Surgeon, Aviation Medical Specialist",20.02.37
CATEGORY 4: PILOTS' MEDICAL FACILITIES,Are medically grounded/retired Pilots entitled to medical facilities?,"Yes, medically grounded/retired Pilots (normal retirement), their eligible children and dependent parents will be entitled to medical care/treatment as active pilots.","Medically grounded, retired pilots, eligibility, active pilots",20.02.37
CATEGORY 4: PILOTS' MEDICAL FACILITIES,Who provides ambulance services for Pilots?,"Ambulance will be provided for Pilots and their families for serious illness for transportation between residence and dispensary/specialist/hospital at Karachi, Islamabad and Lahore bases.","Pilots ambulance, serious illness, Karachi, Islamabad, Lahore",Page 10-11
CATEGORY 4: PILOTS' MEDICAL FACILITIES,Are spectacles/contact lenses provided to Pilots?,"Yes, spectacles/contact lenses will be provided up to a ceiling as approved by Management, as an aid to flying duty if endorsed on the license. Dentures provided only in case of accident while on duty.","Spectacles, contact lenses, Pilots, flying duty, dentures",Page 11
CATEGORY 4: PILOTS' MEDICAL FACILITIES,What dental treatment is provided to Pilots?,"Complete free dental treatment, excluding gold filling, dentures, crown, orthodontic treatment and bridges, will be provided at Air Crew Medical Centers or by approved Dental Surgeons/Orthodontist.","Dental treatment, Pilots, Air Crew Medical Centers, approved Dental Surgeons",Page 11
CATEGORY 4: PILOTS' MEDICAL FACILITIES,Can a Pilot resume flying without medical clearance?,"No, Pilots suffering from serious illness will require medical fitness clearance from Flight Surgeon or any Medical Officer deputed by Chief Flight Surgeon before resuming flying duties. Scheduling Section will not place Pilot on flying duty without such certificate.","Medical fitness clearance, Flight Surgeon, resume flying, Scheduling Section",Page 11
CATEGORY 4: PILOTS' MEDICAL FACILITIES,What happens when a Pilot is grounded by Flight Surgeon?,Chief of Flight Operations will be informed by Flight Operations Directorate at first available opportunity for discussion with Chief of Flight Operations. Medical Division shall arrange Medical Board to send Pilot abroad if local authorities cannot determine fitness within 30 days.,"Pilot grounded, Flight Surgeon, Chief Flight Operations, Medical Board",Page 11
CATEGORY 4: PILOTS' MEDICAL FACILITIES,How are hospital admissions handled for Pilots?,"Indoor treatment will be provided in mutually agreed and approved hospitals. Admissions at base stations require approval of Flight Surgeon, and Company's Medical Officer at outstations acting on directives of Chief Flight Surgeon.","Hospital admission, Pilots, Flight Surgeon, Chief Flight Surgeon",Page 11
CATEGORY 4: PILOTS' MEDICAL FACILITIES,Can a Pilot choose a non-approved hospital?,"Yes, if private air-conditioned room is available in approved hospital but Pilot desires admission in any other hospital/clinic, permission may be given as special case by Chief Flight Surgeon. Difference in charges shall be borne by Pilot concerned.","Non-approved hospital, Pilot choice, Chief Flight Surgeon, difference in charges",Page 12
CATEGORY 4: PILOTS' MEDICAL FACILITIES,What maternity expenditure is reimbursed for Pilots?,"Reimbursement of maternity expenditures shall be allowed twice during service up to a ceiling of Rs.25,000/- in normal delivery cases.","Maternity, Pilots, Rs.25,000, normal delivery",Page 12
CATEGORY 4: PILOTS' MEDICAL FACILITIES,What happens when a Pilot falls sick at an outstation?,"Pilot will be entitled to full medical attention by doctor approved by Flight Surgeon. Where such arrangement doesn't exist, all treatment expenditure will be reimbursed provided attending physician confirms emergency treatment.","Outstation sickness, Pilots, Flight Surgeon approval, reimbursement",Page 12
CATEGORY 4: PILOTS' MEDICAL FACILITIES,What medical facilities are Pilots entitled to during leave within Pakistan?,"During leave within Pakistan, Pilots and families remain entitled to all medical treatment and facilities as when on duty with Company doctor(s) or hired doctors. Company will reimburse all expenditure for Pilot's treatment at stations where Company doctors are not located (emergency for family).","Leave within Pakistan, Pilots, reimbursement, emergency treatment",Pages 12-13
CATEGORY 4: PILOTS' MEDICAL FACILITIES,What medical facilities are Pilots entitled to during leave abroad?,"For life threatening/serious illness or emergency, expenditure incurred will be reimbursed subject to post-facto approval of Chief Flight Surgeon. Emergency cases of spouses/children abroad will be treated as per Company Policy.","Leave abroad, Pilots, emergency, Chief Flight Surgeon, life threatening",Page 13
CATEGORY 4: PILOTS' MEDICAL FACILITIES,Is treatment abroad available for Pilots?,"Yes, serving Pilot requiring treatment abroad for ailments not available locally will be sent on Company expense on recommendations of Chief Flight Surgeon, subject to competent authority approval. Accommodation at hotels provided in addition to travel facilities.","Treatment abroad, Pilots, Chief Flight Surgeon, competent authority",Page 13
CATEGORY 4: PILOTS' MEDICAL FACILITIES,Are family members of retired/grounded Pilots entitled to medical facilities?,"Yes, family members of Pilots and retired/grounded Pilots will be entitled to same free medical treatment facilities as applicable to Pilots within Pakistan at PIA Medical Centers/approved doctor's clinics.","Retired pilots, grounded pilots, family members, medical facilities",Page 13
CATEGORY 4: PILOTS' MEDICAL FACILITIES,What happens if a Pilot's family member is sick while Pilot is outstation?,"On recommendation of Medical Officer, Pilot may be informed by Flight Operations Directorate immediately and return to base arranged by first available service.","Family sickness, Pilot outstation, Flight Operations Directorate",Page 13
CATEGORY 4: PILOTS' MEDICAL FACILITIES,What medical entitlements do families of deceased Pilots get?,Families of pilots who expire while serving shall be eligible for medical treatment as per Company rules.,"Deceased Pilot, family medical treatment, Company rules",Page 13
CATEGORY 5: AIRCRAFT ENGINEERS' MEDICAL FACILITIES,What medical facilities are available for Aircraft Engineers?,Full time medical treatment for serving/retired Aircraft Engineers and their families/family members of deceased aircraft engineers/dependents as per Company rules. Separate medical Centre with Pharmacy & Air-conditioned waiting area provided.,"Aircraft Engineers, full time medical treatment, separate medical centre, pharmacy",20.02.38
CATEGORY 5: AIRCRAFT ENGINEERS' MEDICAL FACILITIES,Are there dedicated doctors for Aircraft Engineers?,"Yes, at least two senior medical officers and two lady doctors will be on duty all the time during working hours exclusively for Aircraft Engineers and their families, attending others in emergency only.","Dedicated doctors, Aircraft Engineers, senior medical officers, lady doctors",Page 14
CATEGORY 5: AIRCRAFT ENGINEERS' MEDICAL FACILITIES,Is emergency medical care available near airport facilities?,"Yes, clinics/dispensaries equipped with emergency equipment, doctor, paramedical staff and ambulance with driver shall be located within close proximity of engineering facilities, preferably inside apron area on all base stations round the clock.","Emergency care, airport vicinity, apron area, base stations, ambulance",Page 14
CATEGORY 5: AIRCRAFT ENGINEERS' MEDICAL FACILITIES,What artificial appliances are provided to Aircraft Engineers?,"Orthopedic/Dentures/Hearing aids/artificial limbs/Crutches, Spectacles/Contact Lenses, Collar and other support shall be provided as per company policy.","Orthopedic, dentures, hearing aids, artificial limbs, spectacles, contact lenses",Page 14
CATEGORY 5: AIRCRAFT ENGINEERS' MEDICAL FACILITIES,What hospital admission facilities are available for Aircraft Engineers?,"Company provides medical treatment in arranged hospitals notified from time to time after functional hours on presenting PIA ID Card/Family ID Card. If member desires non-approved hospital, difference in charges shall be borne by member.","Hospital admission, Aircraft Engineers, ID Card, non-approved hospital",Page 14
CATEGORY 5: AIRCRAFT ENGINEERS' MEDICAL FACILITIES,Is dental treatment provided to Aircraft Engineers?,"Free dental treatment, excluding gold filling, dentures, crown, orthodontic treatment and bridges, provided at medical centers in Karachi, Islamabad and Lahore or by approved Dental Surgeons at other outstations. Dental emergencies attended on priority; subsequent appointment within 24 hours.","Dental treatment, Aircraft Engineers, Karachi, Islamabad, Lahore, dental emergencies",Page 15
CATEGORY 5: AIRCRAFT ENGINEERS' MEDICAL FACILITIES,What happens if an Aircraft Engineer falls sick while on Company duty abroad?,"Member falling sick while on flight/Company duty at outstation will be entitled to full medical attention. Where PIA facilities don't exist, Area/Station Head will arrange private doctor/hospital at Company's cost.","Outstation sickness, Aircraft Engineer, Company duty, Area Head, full medical attention",Page 15
CATEGORY 5: AIRCRAFT ENGINEERS' MEDICAL FACILITIES,What medical facilities are available during leave in Pakistan for Aircraft Engineers?,Members and families remain entitled to all medical treatment facilities. Facility provided at stations where PIA has medical arrangement through Company's medical centers or approved doctors. Company reimburses expenditures at stations without Company doctors within 30 days of claim submission.,"Leave within Pakistan, Aircraft Engineers, reimbursement, 30 days",Page 15
CATEGORY 5: AIRCRAFT ENGINEERS' MEDICAL FACILITIES,What medical facilities are available during leave abroad for Aircraft Engineers?,"Members on leave outside Pakistan entitled to receive medical treatment from any doctor if PIA doctor not available - permissible only for emergencies. Reimbursement at base as per existing policy. Routine check-up, chronic ailments, family treatment not permissible.","Leave abroad, Aircraft Engineers, emergency only, no routine check-up",Page 15
CATEGORY 5: AIRCRAFT ENGINEERS' MEDICAL FACILITIES,What maternity expenses are reimbursed for Aircraft Engineers?,"Reimbursement of Maternity Expenses admissible twice during PIA service up to ceiling of Rs.20,000/- for normal delivery. For Caesarean Section, reimbursement on actual basis with maximum ceiling of Rs.35,000/-.","Maternity, Aircraft Engineers, Rs.20,000, normal delivery, Rs.35,000, Caesarean Section",Page 16
CATEGORY 5: AIRCRAFT ENGINEERS' MEDICAL FACILITIES,What happens if there is serious sickness in Aircraft Engineer's family while at outstation?,"On recommendation of medical officer, the Member may be informed by Engineering Department immediately and his/her return to base arranged immediately.","Family sickness, Aircraft Engineer outstation, Engineering Department, return to base",Page 16
CATEGORY 5: AIRCRAFT ENGINEERS' MEDICAL FACILITIES,What medical facilities are available for families of deceased Aircraft Engineers?,"Families of Aircraft Engineers/Engineering Instructors who expire while serving shall be eligible for medical treatment as per company rules. Those who die while on duty shall be eligible for treatment for life, until becoming due age of remarriage.","Deceased Aircraft Engineer, family medical treatment, lifetime, remarriage",Page 16
CATEGORY 5: AIRCRAFT ENGINEERS' MEDICAL FACILITIES,What accommodation is provided for Aircraft Engineers during hospitalization?,Aircraft Engineers and their families/dependents shall be entitled for admission in private Air-conditioned room with attached bath facility.,"Accommodation, Aircraft Engineers, private AC room, attached bath",Page 17
CATEGORY 5: AIRCRAFT ENGINEERS' MEDICAL FACILITIES,Are retired Aircraft Engineers entitled to medical facilities?,"Yes, all medical facilities which an Aircraft Engineer is entitled during service shall be provided to retired Aircraft Engineers and their spouses, as per Company policy.","Retired Aircraft Engineer, medical facilities, spouse",Page 17
CATEGORY 5: AIRCRAFT ENGINEERS' MEDICAL FACILITIES,What medical facilities are available for families of deceased Aircraft Engineers?,"All medical facilities which an Aircraft Engineer is entitled during service shall be provided to widow(s) of deceased Aircraft Engineer, as per company policy.","Widow, deceased Aircraft Engineer, medical facilities",Page 17
CATEGORY 6: FOREIGN STATIONS MEDICAL FACILITIES,What medical facilities are available for Pak-based employees posted abroad?,"Pak-based employees posted abroad and their families shall be covered by National Health scheme wherever it exists. In absence, Health Insurance scheme shall be made available. Where no facilities exist, medical care/hospitalization through Company's approved doctors as per rules applicable in Pakistan.","Foreign postings, National Health scheme, Health Insurance, approved doctors",20.03
CATEGORY 6: FOREIGN STATIONS MEDICAL FACILITIES,Can employees avail both National Health scheme and PIA approved doctors?,"No, in no case shall facilities be availed both under national health scheme and PIA approved doctors.","National Health scheme, PIA approved doctors, cannot avail both",20.03
CATEGORY 6: FOREIGN STATIONS MEDICAL FACILITIES,Is medical expenditure on private medical attention covered?,"No, medical expenditure incurred on private medical attention shall not be borne by the Company.","Private medical attention, not covered",20.03.03
CATEGORY 6: FOREIGN STATIONS MEDICAL FACILITIES,What dental treatment is covered at foreign stations?,"Dental care shall be provided as per National Health/Health Insurance and confined to treatment of gingivitis, scaling, extraction and normal fillings. Fillings with gold, dentures, bridges and crowns not provided.","Dental treatment, foreign stations, gingivitis, scaling, extraction, fillings",20.03.04
CATEGORY 6: FOREIGN STATIONS MEDICAL FACILITIES,Are artificial appliances provided at foreign stations?,"No, artificial appliances such as hearing aids, crutches, cervical collars, spectacles, contact lenses etc. shall not be provided to employees or family members. For working employees advised intraocular lens, called back to Pakistan; only 50% expenses borne by Company. Families not entitled.","Artificial appliances, foreign stations, intraocular lens, 50% cost",20.03.05
CATEGORY 6: FOREIGN STATIONS MEDICAL FACILITIES,Are parents residing with employees at foreign stations entitled to medical facilities?,"No, parents residing with employees at foreign stations shall not be entitled to any medical assistance at Company's expense.","Parents, foreign stations, no medical assistance",20.03.06
CATEGORY 6: FOREIGN STATIONS MEDICAL FACILITIES,What maternity expenses are reimbursed at foreign stations?,"Company reimburses expenditures covered under National Health/Health Insurance Schemes. Expenses over and above borne by individual. At places with approved local doctors, only 30% of expenses borne by Company with specific approval of GM (Medical Services).","Maternity, foreign stations, National Health, Health Insurance, 30%",20.03.07(b)
CATEGORY 7: MEDICAL ENTITLEMENTS IN PAKISTAN,What are the medical entitlements for PIA employees in Pakistan?,Employee is entitled to out-door and in-door treatment wherever available in Company hospital or in hospital specified by GM (Medical Services). Prior approval required for non-specified hospitals; no reimbursement without approval.,"Pakistan entitlements, outdoor treatment, indoor treatment, specified hospital, prior approval",20.04
CATEGORY 7: MEDICAL ENTITLEMENTS IN PAKISTAN,Do family members get the same outdoor treatment facilities?,"Yes, the outdoor medical treatment facilities applicable to employees shall be applicable to their families.","Family outdoor treatment, employees entitlement",20.04.02
CATEGORY 7: MEDICAL ENTITLEMENTS IN PAKISTAN,Are private professional fees reimbursed?,"No, all professional attention shall be obtained from Company doctors and no bill for reimbursement of professional fee from other doctors shall be entertained.","Professional fees, Company doctors, no reimbursement",20.04.03
CATEGORY 7: MEDICAL ENTITLEMENTS IN PAKISTAN,Is patient required to report back to referring doctor?,"Yes, whenever a patient is referred to Hospital/Specialist, he/she shall invariably report back to the doctor concerned for further instructions and disposal. PIA accepts no responsibility for reference to other consultants/clinics/labs on advice of approved hospitals/consultants.","Report back, referring doctor, consultation, investigation, responsibility",20.04.03
CATEGORY 7: MEDICAL ENTITLEMENTS IN PAKISTAN,Are medicines provided free of cost?,"Yes, medicines and surgical material considered necessary by Company Doctors for treatment shall be provided free of cost.","Medicines, surgical material, free of cost, Company Doctors",20.04.05
CATEGORY 7: MEDICAL ENTITLEMENTS IN PAKISTAN,Is intra-ocular lens implantation covered?,Fifty percent cost of implantation of intra-ocular lens for serving and retired PIA employees undergoing cataract extraction shall be borne by Company on recommendation of PIA Eye specialist. NOT available to parents/family members including spouse of retired employees.,"Intra-ocular lens, cataract, 50% cost, eye specialist, not for families",20.04.06
CATEGORY 7: MEDICAL ENTITLEMENTS IN PAKISTAN,Are inoculations and vaccinations provided?,"Yes, inoculations and vaccinations considered necessary for preservation of general health by Company Doctors shall be carried out at Company dispensation or at free Government Centers.","Inoculations, vaccinations, preservation of health, Government Centers",20.04.07
CATEGORY 7: MEDICAL ENTITLEMENTS IN PAKISTAN,What dental treatment is provided in Pakistan?,"Dental treatment confined to opinion of PIA's Dental Surgeon at Karachi and approved Dental Surgeons at other stations on dental health, treatment of gingivitis, scaling, extraction and fillings (gold filling not allowed). Dentures, crowns and bridges not admissible.","Dental treatment, gingivitis, scaling, extraction, fillings, gold filling, dentures",20.04.08
CATEGORY 7: MEDICAL ENTITLEMENTS IN PAKISTAN,Is physiotherapy treatment available?,"Diathermy, Infrared, ultra-violet exposures and Physiotherapy treatment from PIA facility on prior permission of competent authority only.","Physiotherapy, diathermy, infrared, ultra-violet, prior permission",20.04.09
CATEGORY 7: MEDICAL ENTITLEMENTS IN PAKISTAN,Where are laboratory tests conducted?,"All Laboratory Tests, Pathological and X-Ray Examinations conducted at PIA Diagnostic Centre at Karachi. Tests not available at PIA Centre referred to approved laboratories. No claim for reimbursement on self-reference.","Laboratory tests, PIA Diagnostic Centre, Karachi, X-Ray, pathological examinations",20.04.10
CATEGORY 7: MEDICAL ENTITLEMENTS IN PAKISTAN,Are artificial appliances provided?,"No, artificial appliances like spectacles, dentures, hearing aids, artificial limbs, crutches, cervical collars etc. and other supports not provided. Spectacles & dentures provided to Pilots up to ceiling as aid to flying duty if endorsed in License. Dentures only for accidents while on duty.","Artificial appliances, spectacles, dentures, Pilots, flying duty",20.04.11
CATEGORY 7: MEDICAL ENTITLEMENTS IN PAKISTAN,Is cosmetic plastic surgery admissible?,"No, Cosmetic Plastic Surgery not admissible. However, reconstructive surgery as part of treatment admissible with prior approval of GM (Medical Services).","Cosmetic surgery, not admissible, reconstructive surgery, GM Medical Services",20.04.12
CATEGORY 7: MEDICAL ENTITLEMENTS IN PAKISTAN,Where is indoor treatment provided?,Indoor treatment provided in PIA approved hospitals. Admission to particular hospital at discretion of GM (Medical Services) in Karachi and Company's Medical Officer at outstation acting on directions of GM (Medical Services).,"Indoor treatment, approved hospitals, admission discretion, GM Medical Services",20.04.13
CATEGORY 7: MEDICAL ENTITLEMENTS IN PAKISTAN,Can an employee choose a non-approved hospital?,"If bed is available but individual desires admission in any other hospital/clinic, allowed as special case with prior permission from GM (Medical Services) or authorized deputy. Reimbursement to extent Company would have committed. Without prior permission, GM (Medical Services) may authorize whole or portion thereof.","Non-approved hospital, prior permission, reimbursement extent",20.04.14
CATEGORY 8: ACCOMMODATION DURING HOSPITALIZATION,What accommodation is provided for General Managers and above?,General Managers and above: Private Air conditioned including Cockpit Crew Room.,"General Manager, accommodation, private AC room, Cockpit Crew Room",20.04.15(a)
CATEGORY 8: ACCOMMODATION DURING HOSPITALIZATION,What accommodation is provided for Officers from Pay Group V to IX?,"Officers from Pay Group V to IX, Cadet Pilots/Cadet Flight Engineers: Private Room.","Pay Group V-IX, private room, Cadet Pilots, Cadet Flight Engineers",20.04.15(b)
CATEGORY 8: ACCOMMODATION DURING HOSPITALIZATION,Are there exceptions for Air-Conditioned room for PG V-IX officers?,"Yes, in following cases officers of PG V-IX and families depending on serious conditions shall be provided Air-Conditioned room: i) Burn cases, ii) Chemotherapy for cancer patients, iii) Traumatic injuries where wounds affect major body portion.","AC room exception, burn cases, chemotherapy, traumatic injuries",20.04.15(b) NOTE
CATEGORY 8: ACCOMMODATION DURING HOSPITALIZATION,What accommodation is provided for Cabin Crew (self only)?,Cabin Crew in Pay Group IV (self only): Semi Private Room wherever available.,"Cabin Crew, Pay Group IV, semi private room",20.04.15(c)
CATEGORY 8: ACCOMMODATION DURING HOSPITALIZATION,What accommodation is provided for Staff in Pay Group I to IV?,Staff in Pay Group I to IV (including families of Cabin Crew): Semi-Private Room subject to condition that accommodation is not available in PIA Hospital.,"Staff, Pay Group I-IV, semi private room, families of Cabin Crew",20.04.15(d)
CATEGORY 8: ACCOMMODATION DURING HOSPITALIZATION,What nursing facilities are provided during hospitalization?,Only routine nursing facilities available in the hospital wherever case is admitted are authorized.,"Routine nursing, hospitalization, authorized facilities",20.04.16
CATEGORY 9: MEDICAL BOARD PROCEDURES,When is a Medical Board convened?,"At the end of Free Treatment Period or when it is felt employee is not likely to become fit for further service in Company, a Medical Board shall recommend further disposal.","Medical Board, Free Treatment Period, fitness, further service",20.04.18
CATEGORY 9: MEDICAL BOARD PROCEDURES,Who comprises the Medical Board?,"- GM (Medical Services), - Representative of Head of Department of Employee not below Sectional Head, - DGM HR/HR Business Manager","Medical Board composition, GM Medical Services, Sectional Head, HR Business Manager",20.04.18
CATEGORY 9: MEDICAL BOARD PROCEDURES,When is Medical Board action initiated for expensive medical treatment?,Similar Medical Board held on cases requiring continuous expensive medical attention. Board action initiated by General Manager (Medical Services).,"Medical Board, expensive medical attention, GM Medical Services",20.04.19
CATEGORY 9: MEDICAL BOARD PROCEDURES,Who initiates Medical Board action when Free Treatment period is consumed?,Board action initiated by HR Business Manager.,"Free Treatment period, HR Business Manager",20.04.19
CATEGORY 9: MEDICAL BOARD PROCEDURES,What recommendations can the Medical Board make?,i) Discharge employee from service on Medical Grounds; OR ii) Give chance for further treatment at own cost for specific period; OR iii) What percentage of further expenses Company bears for maximum three months (six months for TB patients).,"Medical Board recommendations, discharge, medical grounds, treatment period, TB",20.04.20
CATEGORY 10: TREATMENT ABROAD,Is medical treatment abroad available?,Ban imposed on Medical Treatment Abroad by Government of Pakistan.,"Treatment abroad, ban, Government of Pakistan",20.05
CATEGORY 10: TREATMENT ABROAD,What happens if an employee falls sick while on duty abroad and is hospitalized?,Employee receives miscellaneous expenses i.e. 15% of Daily Allowance only for period he remains in hospital.,"Sick abroad, hospitalized, Daily Allowance, 15%",20.05.02(a)
CATEGORY 10: TREATMENT ABROAD,What happens if an employee falls sick while on duty abroad but not hospitalized?,"Employee receives full Daily Allowance plus admissible miscellaneous expenses, provided sickness certified by Company Medical Officer or Registered Medical Practitioner countersigned by Company Medical Officer. Certificate must confirm sickness disabled employee from air journey.","Sick abroad, not hospitalized, Daily Allowance, medical certificate, countersignature",20.05.02(b)
CATEGORY 10: TREATMENT ABROAD,Is an employee on leave abroad entitled to medical treatment?,"Yes, employee on leave abroad entitled to get medical attention from PIA approved doctors for self only, in emergency. Not for routine check-up, chronic disease/ailment investigation, or during Study Leave abroad.","Leave abroad, self only, emergency, PIA approved doctors, no routine check-up",20.05.03
CATEGORY 10: TREATMENT ABROAD,What is the reporting procedure for emergency treatment abroad?,Medical Officer concerned shall forward detailed report regarding treatment of employee in emergency while on leave abroad immediately to GM (Medical Services)/CFS through fax/e-mail and forward report to PIA local authority.,"Emergency treatment abroad, reporting, GM Medical Services, CFS, fax, email",20.05.04
CATEGORY 10: TREATMENT ABROAD,Are family members of employees working in Pakistan entitled to treatment abroad?,"No, family members of employees working in Pakistan while on visit abroad shall NOT be entitled to medical treatment at Company expense.","Family members, visit abroad, no treatment",20.05.04
CATEGORY 11: CABIN CREW SICKNESS AT STATIONS,What should Crew do when sick at outstation?,"Crew member unable to perform duty shall report to PIA authority responsible for crew handling at station immediately on getting sick. If Medical Officer deems hospitalization necessary, arrangements shall be made.","Cabin Crew, sickness at station, report immediately, crew handling, hospitalization",20.06.01(a)
CATEGORY 11: CABIN CREW SICKNESS AT STATIONS,What if hospitalization is not required but hotel detention is needed?,PIA crew handling authority shall make complete boarding and lodging arrangements for number of days crew member likely to remain on sick list on Medical Officer's advice.,"Hotel detention, boarding/lodging, Medical Officer advice",20.06.01(b)
CATEGORY 11: CABIN CREW SICKNESS AT STATIONS,When can a sick crew member return to headquarters?,"If Medical Officer considers crew member fit to travel as Pax, he/she shall be authorized supernumerary movement back to Headquarters as early as possible.","Fit to travel, Pax, supernumerary movement, return to HQ",20.06.01(c)
CATEGORY 11: CABIN CREW SICKNESS AT STATIONS,What if the sickness is minor and can be treated within a week?,"If sickness considered minor and treatment can be completed in a week, crew member normally given full treatment at outstation and after fitness returns to base as operating/supernumerary crew member.","Minor sickness, one week treatment, full treatment outstation, return to base",20.06.01(d)
CATEGORY 11: CABIN CREW SICKNESS AT STATIONS,Is Daily Allowance paid if a crew member falls sick?,"No, Daily Allowance admissible under rules at outstation shall cease to be paid if a crew member falls sick.","Daily Allowance, ceases, sickness",20.06.01(e)
CATEGORY 11: CABIN CREW SICKNESS AT STATIONS,Who bears hospitalization expenses for sick crew at outstation?,Hospitalization expenses shall be borne by Company along with expenses for transportation from Hotel to Hospital and back.,"Hospitalization expenses, Company borne, transportation",20.06.01(f)
CATEGORY 11: CABIN CREW SICKNESS AT STATIONS,What is the reporting procedure for sick crew at outstation?,Medical Officer concerned shall forward detailed report on each individual case to local PIA authority with copies to General Manager Crew Planning & Scheduling/Chief Flight Surgeon.,"Reporting, Medical Officer, Crew Planning, Chief Flight Surgeon",20.06.01(g)
CATEGORY 11: CABIN CREW SICKNESS AT STATIONS,What happens if a crew member is malingering?,"If in opinion of Medical Officer, a crew member is malingering, necessary disciplinary action shall be taken against the staff concerned.","Malingering, disciplinary action, Medical Officer",20.06.01(h)
CATEGORY 12: OPD TREATMENT & ALLOWANCE,Is 5% deduction of basic pay for OPD treatment still applicable?,"No, deduction or payment of 5% of basic pay on account of opting for OPD Treatment or allowance has been discontinued.","OPD treatment, 5% deduction, discontinued",20.07
CATEGORY 12: OPD TREATMENT & ALLOWANCE,Are employees still allowed OPD Treatment?,"Yes, all such employees shall be allowed OPD Treatment by PIA in accordance with laid down rules/service terms.","OPD Treatment, allowed, PIA, rules",20.07.02
CATEGORY 12: OPD TREATMENT & ALLOWANCE,Has OPD Treatment been restored at all domestic stations?,"Yes, OPD Treatment has been revived at all domestic stations to employees entitled to Company's medical facility, in accordance with laid down rules/service terms. Payment of OPD allowance @5% of basic pay not admissible.","OPD Treatment restored, domestic stations, OPD allowance, 5%",20.08
CATEGORY 13: SAFETY CRITICAL AREAS MEDICAL CHECK-UPS,Why is periodic medical check-up required for safety critical areas?,"To meet requirements of IOSA/EASA/other Safety & Regulatory Audits, ensure operational personnel remain physically and mentally fit to perform duties without compromising safety of aircraft/equipment/persons.","Safety critical areas, IOSA, EASA, Regulatory Audits, fitness",20.09
CATEGORY 13: SAFETY CRITICAL AREAS MEDICAL CHECK-UPS,What are Safety Critical Roles/Areas?,"a) TGS Operators/Drivers, b) Food Handlers, c) Flight Dispatchers, d) Aircraft Engineers & Technicians, e) Cargo Operators/Ramp Drivers/Loaders, f) Safety Officers/Inspectors, g) Any other operational staff deemed necessary.","Safety critical roles, TGS Operators, Food Handlers, Flight Dispatchers, Aircraft Engineers, Cargo Operators, Ramp Drivers, Safety Officers",20.09.02(a-g)
CATEGORY 13: SAFETY CRITICAL AREAS MEDICAL CHECK-UPS,Who maintains medical fitness records for safety critical areas?,Station/Sectional/Divisional Heads/DQC shall maintain medical fitness record of employees working in safety-critical areas and send nominations for their medical check-ups.,"Medical fitness record, Sectional Heads, DQC, nominations",20.09.03
CATEGORY 13: SAFETY CRITICAL AREAS MEDICAL CHECK-UPS,What is the procedure for medical check-ups in safety critical areas?,"PIA Medical Officer advises employee(s) to undergo applicable tests and reports results. Based on test results and physical examination, Medical Fitness Certificate issued by PIA Medical Officer. Copy placed in employee's personal file through ER&IS Section.","Medical check-up procedure, tests, fitness certificate, ER&IS",20.09.03
CATEGORY 13: SAFETY CRITICAL AREAS MEDICAL CHECK-UPS,Who determines the types of tests for safety critical employees?,"A Panel of Doctors (Dy. CMO, I/C Doctor for Medical Tests & I/C Doctor Diagnostic Centre) in coordination with Quality Assurance/HSE evaluates and determines tests based on nature of job, duty area, health history & regulatory requirements.","Tests determination, Panel of Doctors, Quality Assurance, HSE",20.09.04
CATEGORY 13: SAFETY CRITICAL AREAS MEDICAL CHECK-UPS,What is the frequency of medical check-ups for safety critical areas?,"Normally once a year. However, Consulting Physician may enhance validity up to maximum three years based on: a) Normal test results, b) No frequent/prolonged sick leaves in past year, c) No chronic Hypertension/Diabetes/heart disease, d) No impairment in vision/hearing, e) Below 55 years of age.","Frequency, annual check-up, validity extension, 3 years, fitness criteria",20.09.05(a-e)
CATEGORY 13: SAFETY CRITICAL AREAS MEDICAL CHECK-UPS,Are outsourced/contractual employees in safety critical areas covered for medical tests?,"Yes, tests/investigations and vaccination for Medical Fitness Certificate will be done for all operational personnel including regular, outsourced & contractual employees at PIA expense as they perform duties in operationally critical areas.","Outsourced employees, contractual employees, safety critical, PIA expense",20.09.05(i)
CATEGORY 13: SAFETY CRITICAL AREAS MEDICAL CHECK-UPS,Is first aid/emergency treatment provided to outsourced employees?,"Yes, First Aid/Emergency Medical Treatment provided by PIA to all cadres of employees inclusive of outsourced, contractual, and regular employees as a result of any Accident/Incident/Injury during performance of duty.","First aid, emergency treatment, outsourced, contractual, duty injury",20.09.05(ii)
CATEGORY 13: SAFETY CRITICAL AREAS MEDICAL CHECK-UPS,What is the schedule and procedure for medical check-ups?,"Station/Sectional/Divisional Heads/DQC coordinate with Medical Division for schedule. Check-ups conducted at PIA Diagnostic Centre (where available) or Diagnostic Labs at PIA panel. At stations without such facility, Station Head arranges tests at recognized, reputed & economical Diagnostic Lab.","Schedule, medical check-ups, PIA Diagnostic Centre, Diagnostic Labs, Station Head",20.09.06
CATEGORY 13: SAFETY CRITICAL AREAS MEDICAL CHECK-UPS,What actions are taken for employees found unfit?,"Medical Division examines each case and advises: a) Continuation of duty with medical treatment, b) Recommendations for sick leave, c) Assignment of light duty (not exceeding 90 days), d) Transfer to non-safety critical work, e) Retirement/Termination of Contract on medical grounds.","Unfit employees, continuation of duty, sick leave, light duty, transfer, retirement",20.09.07(a-e)
CATEGORY 13: SAFETY CRITICAL AREAS MEDICAL CHECK-UPS,Who is responsible for ensuring employees have valid Fitness Certificates?,Respective Sectional/Divisional Heads shall be responsible for sending employees working in safety-critical areas for medical check-ups before expiry of Fitness Certificate and ensure such employees have valid Medical Fitness Certificates.,"Fitness Certificate validity, Sectional Heads, compliance",20.09.06
CATEGORY 13: SAFETY CRITICAL AREAS MEDICAL CHECK-UPS,Are trainees (Apprentice Mechanics) entitled to medical coverage?,"Yes, trainee (Apprentice Mechanic) shall be provided free outdoor medical coverage for self only at PIA medical facilities. Hospitalization and specialized treatment at Company's expenses not permissible.","Trainee, Apprentice Mechanic, outdoor coverage, no hospitalization",20.09.09
CATEGORY 13: SAFETY CRITICAL AREAS MEDICAL CHECK-UPS,Does the medical fitness policy apply to Cockpit and Cabin Crew?,"Yes, medical fitness of Cockpit and Cabin Crew shall continue to be governed by applicable policy & procedure.","Cockpit Crew, Cabin Crew, medical fitness, applicable policy",20.09.08
CATEGORY 14: PSYCHOACTIVE SUBSTANCES POLICY,What is the policy on psychoactive substances?,"This policy aims to ensure safe, healthy, and productive work environment by prohibiting exercise of duties while under influence of psychoactive substances, addressing problematic use, and requiring removal of personnel engaging in such use from operational functions.","Psychoactive substances, safe environment, prohibition, removal from operational functions",20.11
CATEGORY 14: PSYCHOACTIVE SUBSTANCES POLICY,Who does the psychoactive substances policy apply to?,This policy applies to all PIA employees working in operational areas at domestic and foreign stations.,"Scope, all employees, operational areas, domestic, foreign stations",20.11.02
CATEGORY 14: PSYCHOACTIVE SUBSTANCES POLICY,Are employees prohibited from performing duties under influence?,"Yes, all personnel are strictly prohibited from performing any work-related duties while under the influence of psychoactive substances.","Prohibited, under influence, work duties, psychoactive substances",20.11.04
CATEGORY 14: PSYCHOACTIVE SUBSTANCES POLICY,Is problematic use of psychoactive substances prohibited?,"Yes, problematic use of psychoactive substances, both on and off duty, is strictly prohibited. Any use that impairs ability to perform job safely and effectively, or jeopardizes safety of others shall not be tolerated.","Problematic use, on/off duty, safety, not tolerated",20.11.05
CATEGORY 14: PSYCHOACTIVE SUBSTANCES POLICY,Can employees report colleagues suspected of psychoactive substance use?,"Yes, employees are encouraged to report any observed or suspected problematic use by colleagues to immediate supervisor or GM Administration & Discipline. Reports should be in good faith and will be kept confidential.","Reporting, colleagues, immediate supervisor, GM Admin, confidential",20.11.06
CATEGORY 14: PSYCHOACTIVE SUBSTANCES POLICY,What are Line Managers and Station Heads required to do?,Line Managers and Station Heads must monitor for signs of impairment and take appropriate action including removal from duty if they suspect employee is under influence of psychoactive substances.,"Line Managers, Station Heads, monitoring, removal from duty",20.11.07
CATEGORY 14: PSYCHOACTIVE SUBSTANCES POLICY,What happens to personnel identified with problematic use?,Personnel identified as engaging in problematic use of psychoactive substances will be immediately removed from operational areas and referred to GM Medical Services for medical checkup/assessment.,"Identified personnel, removed from operational areas, GM Medical Services, assessment",20.11.08
CATEGORY 14: PSYCHOACTIVE SUBSTANCES POLICY,What leave is granted to employees undergoing rehabilitation?,"Employees undergoing rehabilitation in such cases will be granted leave as necessary, in accordance with company policies and applicable laws.","Rehabilitation, leave, company policies, applicable laws",20.11.09
CATEGORY 14: PSYCHOACTIVE SUBSTANCES POLICY,What are the consequences of policy violation?,Failure to comply will result in disciplinary action as per Employee Disciplinary Policy. Severity determined based on nature and circumstances of violation.,"Violation, disciplinary action, Employee Disciplinary Policy, severity",20.11.10
CATEGORY 14: PSYCHOACTIVE SUBSTANCES POLICY,Is confidentiality maintained during investigations?,"Yes, all reports and investigations related to problematic use of psychoactive substances will be treated confidentially, respecting privacy of individuals involved.","Confidentiality, investigations, privacy",20.11.11
CATEGORY 15: PRIVATE PRACTICE & AEDs,Can PIA Medical Officers/Doctors engage in private practice?,"Yes, Management has decided to allow private practice to all existing Medical Officers/Doctors in PG-VIII & above, after completion of minimum 10 years continuous service in regular cadre, subject to surrendering applicable Non-Practicing Allowance of Rs.25,000/- per month and ensuring official duties not suffered.","Private practice, Medical Officers, Doctors, PG-VIII, 10 years service, Non-Practicing Allowance",20.12
CATEGORY 15: PRIVATE PRACTICE & AEDs,What is the purpose of AEDs on PIA aircraft?,To maximize life survival rate by providing emergency medical aid for onboard emergencies related to cardiac arrest.,"AEDs, Automated External Defibrillators, cardiac arrest, emergency medical aid",20.13
CATEGORY 15: PRIVATE PRACTICE & AEDs,Who provides training on use of AEDs?,Flight Services Instructors with valid AED Training Certification will impart training for use of AED to Cabin Crew of PIA at PIA Training Centres across Pakistan.,"Training, AED, Flight Services Instructors, Cabin Crew, Training Centres",20.13
CATEGORY 15: PRIVATE PRACTICE & AEDs,Who can use the AED onboard?,"When needed, AED will be used onboard by a qualified Paramedic/Doctor or the Cabin Crew who has been trained on use of AED.","AED usage, qualified paramedic, doctor, trained Cabin Crew",20.13
CATEGORY 15: PRIVATE PRACTICE & AEDs,How is preventive maintenance of AEDs handled?,"Serial Number-wise History Cards of AEDs maintained by Chief Flight Surgeon, reflecting Lot Nos. and Expiry Dates of Batteries and Electrodes (Gel Pads) installed on each AED.","Preventive maintenance, History Cards, Chief Flight Surgeon, batteries, electrodes",20.13
CATEGORY 15: PRIVATE PRACTICE & AEDs,When is procurement action for AED consumables initiated?,"Procurement action for both Life Limited items, Battery and Electrodes, will be initiated two months before expiry of their life by raising a PR by Medical Division.","Procurement, batteries, electrodes, two months before expiry, PR, Medical Division",20.13
CATEGORY 15: PRIVATE PRACTICE & AEDs,Who conducts monthly inspection of AEDs?,Monthly In-Situ inspection of AED will be done by Lead Cabin Crew (LCC) on first flight of the month as per Inspection Sheet.,"Monthly inspection, Lead Cabin Crew, In-Situ inspection, Inspection Sheet",20.13.05
CATEGORY 15: PRIVATE PRACTICE & AEDs,What happens if AED fails inspection or is used?,"If AED fails in any inspection points or used during flight, declared Un-serviceable (U/S). Advice for removal mentioned in Comments box of Checklist Flight Log by Lead Cabin Crew (LCC) with intimation to captain for making entry in Debrief.","Un-serviceable AED, inspection failure, removal, captain, Debrief",20.13.06(g)
CATEGORY 15: PRIVATE PRACTICE & AEDs,What is the procedure for unserviceable AEDs?,Unserviceable (U/S) AED removed from Aircraft by Engineering Department and handed over to Medical Division for corrective action. Serviceable (S/A) AED provided by Medical Division to Engineering for installation on Aircraft.,"Un-serviceable AED, Engineering Department, Medical Division, serviceable AED",20.13.06(i-j)
CATEGORY 15: PRIVATE PRACTICE & AEDs,Can an aircraft be dispatched with unserviceable AED?,"Yes, since AED is an additional medical emergency item kept onboard as Non-Essential Provisioning (NEP) like standard DM Kit, aircraft can be dispatched with Un-serviceable AED without delaying the flight.","Non-Essential Provisioning, NEP, unserviceable AED, dispatch, no delay",20.13.07
CATEGORY 15: PRIVATE PRACTICE & AEDs,What is the target for providing serviceable AED?,"Medical Division and SCM will make all-out effort to provide Serviceable AED in minimum possible time, depending upon receipt of life-limited items (Batteries and Electrodes/Gel Pads) from abroad.","Serviceable AED, Medical Division, SCM, batteries, electrodes",20.13.08
CATEGORY 16: RETIREMENT & DEATH PROVISIONS,Can additions be made to family after retirement/death of employee?,"No, requests of retired employees/widows of deceased employees for issuance of fresh family cards on account of re-marriage or birth of child shall not be processed as there is no provision in rules to record addition in family after retirement/death for medical facility.","Retirement, death, addition in family, family cards, re-marriage, birth of child",20.1
CATEGORY 16: RETIREMENT & DEATH PROVISIONS,What happens if a parent dies during service or after retirement regarding medical transfer?,"Transfer of medical to dependent children on behalf of other parent shall be allowed, if admissible as per rules and provided that both parents were employees of the Company.","Death of parent, transfer of medical, dependent children, both parents employees",20.1
CATEGORY 16: RETIREMENT & DEATH PROVISIONS,Can a widowed or divorced daughter re-enter dependency after marriage?,"No, re-entry of a widowed or divorced daughter who was earlier dependent but struck-off from dependency due to marriage shall not be considered as addition in family.","Widowed daughter, divorced daughter, re-entry, dependency, addition in family",20.1
CATEGORY 17: GENERAL & MISCELLANEOUS,Are employees on deputation to other organizations retaining PIA lien entitled to medical facilities?,"Yes, families of employees on deputation to other organizations retaining their lien with PIA shall be entitled to same medical facilities as enjoyed before deputation within Pakistan only.","Deputation, lien, medical facilities, Pakistan only",20.02.14
CATEGORY 17: GENERAL & MISCELLANEOUS,What medical facilities are available for permanent female Cabin Crew retiring early?,Permanent Female Cabin Crew who opt for early retirement after attaining age 35 or more and completed minimum 10 years continuous service shall be entitled to medical facility as per rules.,"Female Cabin Crew, early retirement, age 35, 10 years service, medical facility",20.02.12(b)
CATEGORY 17: GENERAL & MISCELLANEOUS,Can employees resume duty without Fitness Certificate for sickness exceeding seven days?,"No, Sectional Heads shall ensure employees do not resume duty without Fitness Certificate from Company Doctor provided sickness exceeds seven days at a stretch.","Fitness Certificate, resuming duty, 7 days, Sectional Heads",20.02.27
CATEGORY 17: GENERAL & MISCELLANEOUS,What categories of employees have medical entitlements as per Service Rules?,"a) Staff (PG-I to IV), b) Pilots & Flight Engineers, c) Aircraft Engineers/Engineering Instructors, d) Officers (Admin. Cadres), e) Engineering Officers.","Service Rules, medical entitlements, PG I-IV, Pilots, Aircraft Engineers, Admin Cadres",20.02.04(a-e)
CATEGORY 17: GENERAL & MISCELLANEOUS,Are medical certificates from private doctors at foreign stations handled differently?,All medical certificates issued at foreign stations shall continue to be submitted to GM (Medical Services) for verification/countersignature.,"Foreign stations, medical certificates, GM Medical Services, verification",20.02.33(d)
CATEGORY 17: GENERAL & MISCELLANEOUS,What is the procedure for private doctor medical certificates?,Medical certificate issued by private doctor shall be submitted to HR Manager concerned who after verifying no disciplinary action initiated against employee shall forward to medical division for countersignature.,"Private doctor certificate, HR Manager, disciplinary action, countersignature",20.02.33(e)
APPENDIX CATEGORY,Where can I find equivalence of AEPS/OEPS with Admin Pay Groups?,Equivalence of AEPS & OEPS with Admin Pay Groups is given in Appendix 'A' to this Chapter.,"AEPS, OEPS, Admin Pay Groups, Appendix A",20.04.15
APPENDIX CATEGORY,Where can I find the AED Inspection Checklist?,"AED Inspection Checklist is provided in Appendix-B (Annex-A to Circular No. 05/2025 May 13, 2025).","AED Inspection Checklist, Appendix-B, Annex-A, Circular 05/2025",Page 30
