Question,Answer,Reference,Keywords
What is the Pakistan International Airlines Pension Fund?,"The PIA Employees and Cockpit Crew Pension Fund is constituted and established under Section 58 of the Income Tax Act, 1922 by separate deeds of trust, governed by rules and regulations separately framed for this purpose.",41.01.01,"PIA Pension Fund, Income Tax Act 1922, Trust Deed, Superannuation Fund, Retirement Benefits"
Who is entitled to receive pension or gratuity from PIA?,"On retirement, including retirement on account of medical unfitness, resignation from service, or death, an employee or their nominee/legal heir shall be entitled to receive pension/gratuity as prescribed by rules.","41.01.02, 41.01.03","Pension Eligibility, Gratuity Entitlement, Retirement Benefits, Terminal Benefits, Medical Retirement, Resignation Benefits, Death Benefits"
Is pension/gratuity given to dismissed employees?,"No, an employee dismissed from service shall NOT be entitled to any pension or gratuity.",41.01.04,"Dismissal, Forfeiture of Pension, Disciplinary Action, Termination, No Pension on Dismissal"
What is anticipatory pension and when is it paid?,"If determination of pension/gratuity amount is delayed beyond one month of retirement or death, anticipatory pension/gratuity shall be paid provisionally by competent authority.",41.01.05,"Anticipatory Pension, Provisional Payment, Interim Payment, Delayed Settlement, Competent Authority, Overpayment Adjustment"
What is the maximum amount of anticipatory pension?,The quantum of anticipatory pension/gratuity shall not be more than two-thirds (2/3) of the pension/gratuity normally admissible.,41.01.06,"Two-Thirds Limit, Maximum Anticipatory Pension, Provisional Payment Limit"
"What is the ""Normal Retirement Date"" under PIA rules?",The Normal Retirement Date means the first day of the month which immediately follows or is coincident with the date on which the Member attains the age of 60 years.,41.02(i),"Normal Retirement Date, Superannuation Age, Age 60, Retirement Date, Pension Age"
"What is ""Pensionable Salary"" in PIA context?","Pensionable Salary means the salary described by the Company from time to time, including specific components like Basic Pay, House Rent Allowance, Utility Allowance, Fuel Allowance, etc.",41.05,"Pensionable Salary, Pensionable Components, Basic Pay, House Rent, Utility Allowance, Salary Definition"
"What is ""The Fund"" in PIA pension rules?","""The Fund"" means The Pakistan International Airlines Company employees' pension fund.",41.02(c),"Pension Fund, Trust Fund, PIA Pension Fund, Superannuation Fund"
"What does ""Company Service"" mean?","""Company Service"" means the service of the Company and any Associated Company with whom the Trustees make any special arrangement under Clause 19 or Clause 20 of the Trust Deed.",41.02(b),"Company Service, Associated Company, Trust Deed, Continuous Service"
"What is the ""State Scheme"" referred to in pension rules?","Any State Scheme or Fund in any country providing old age retirement, death or other benefits, designated by the Company for these Rules.",41.02(d),"State Scheme, Government Pension, Social Security, National Pension, Old Age Benefits"
"Who are ""Employees"" for pension fund purposes?",Employees mean employees of the Company as intimated by the Company to the Trustees from time to time.,41.02(e),"Employees, Staff, Workers, Personnel, PIA Employees"
"What is the ""Trust Deed""?","The Trust Deed dated 5th May 1977 made between PIA on one part and the Trustees on the other part, as amended from time to time by deeds supplemental thereto.",41.02(f),"Trust Deed, Deed of Trust, 1977 Trust Deed, Trustees, Amendment"
"What is an ""Associated Company""?",Any other company associated with PIA which is designated as such by the Company for the purpose of these Rules.,41.02(g),"Associated Company, Subsidiary, Group Company, Affiliate"
What is the maximum pension limit under PIA rules?,The maximum pension will be restricted to one-half (50%) of the final basic salary at the time of retirement.,41.07.01,"Maximum Pension, 50% Pension Limit, Half Salary Pension, Pension Ceiling"
What service career provides 50% pension?,A service career of 30 years will provide a pension of 50% of last drawn basic salary.,41.07.01,"30 Years Service, Full Pension, Maximum Pension, 50% Pension"
Does service over 30 years count for pension?,"No, service over 30 years will NOT be taken into account for computing pensions.",41.07.01,"Service Beyond 30 Years, Excess Service, No Additional Benefit"
What is the minimum monthly pension amount?,"The minimum pension payable to a retired pensioner shall be Rs. 2,000/- (two thousand) per month.",41.17.01,"Minimum Pension, Rs 2000 Pension, Floor Pension, Guaranteed Pension"
What is the minimum widow's pension amount?,"In case of widow/widower entitled to 50% pension for life-time, minimum payment shall be Rs. 1,000/- per month.",41.17.01,"Widow Minimum Pension, Rs 1000 Pension, Spousal Pension Minimum"
How is gross monthly pension calculated for PIA employees?,Gross Monthly Pension = 1/60 × Pensionable Salary at retirement × Number of years of Pensionable Service (maximum one-half of Pensionable Salary).,41.08.02,"Pension Formula, 1/60 Formula, Gross Pension Calculation, Monthly Pension"
What is the pension formula for Female Cabin Crew?,Gross Monthly Pension = 1/60 × Pensionable Pay × Number of Years of Pensionable Service.,41.01.07-A,"Female Cabin Crew Formula, 1/60 Formula, Air Hostess Pension"
Can a member commute pension for lump sum payment?,"Yes, a member can commute up to 1/4th of gross pension (with gratuity in lieu) and another 1/4th for lump sum payment (total 50% commutation).",41.08.02,"Pension Commutation, Lump Sum Payment, Surrender of Pension, Commutation Option, 1/4 Commutation, 50% Commutation"
What are the commutation rates for surrendering 1/4th pension?,Service 10-15 years: Rs.187 per rupee; Service 15-20 years: Rs.173 per rupee; Service 20+ years: Rs.160 per rupee.,41.08.02,"Commutation Rates, Surrender Value, Rupee Rate, Pension Commutation Table"
What happens if pensionable service is less than 10 years?,The member shall receive Gratuity at rate of one month's pensionable salary for each completed year of service.,41.08.02(e),"Less Than 10 Years, Gratuity Only, One Month Salary Per Year, No Pension"
How is last incomplete year of service counted?,Up to 6 months: paid on pro-rata basis; More than 6 months: reckoned as full year.,41.06.01A,"Incomplete Year, Pro-rata Calculation, 6 Months Rule, Full Year Reckoning"
Does leave of absence count as pensionable service?,Leave with pay: all periods count. Leave without pay: up to 1 year for illness/disability counts; for education with Company approval if contribution made; up to 4 months for other reasons if contribution made.,41.06.01,"Leave of Absence, Pensionable Service, Paid Leave, Unpaid Leave, Illness Leave, Educational Leave, Disability Leave"
What service counts as pensionable for re-entered employees?,Regular members who leave and re-enter can count former Company service if they return the amount received from former Gratuity Scheme.,41.06.05,"Re-employment, Former Service, Return of Gratuity, Continuous Service, Reinstatement"
When does pensionable service count from for contractual employees converted to permanent?,From the date of permanent absorption in service.,41.06.07,"Contractual to Permanent, Date of Absorption, Service Commencement, Conversion of Service"
What is the maximum commutation percentage?,A member can commute up to 50% of gross pension (25% for gratuity in lieu + 25% for lump sum payment).,41.08.02,"Maximum Commutation, 50% Commutation, Commutation Option"
Can a member withdraw application for commutation?,"Yes, by written notice dispatched at any time but not later than three months from the date of making the application.",41.13.01,"Withdraw Commutation, Cancellation, Three Month Limit, Written Notice"
When does the title to receive commuted value accrue?,"On the date the Company gives its approval to the commutation, which shall not be unreasonably withheld.",41.13.02,"Commutation Approval, Accrual Date, Company Approval"
What happens if a pensioner dies before receiving commuted value?,The commuted value shall be paid to his/her legal heirs.,41.13.02,"Death Before Commutation, Legal Heirs, Payment to Heirs"
When does pension become payable?,Pension shall be payable to all employees from the next date of retirement.,41.11.01(b),"Pension Start Date, Date of Retirement, Commencement of Pension"
How is pension paid?,Every pension shall be payable monthly on the first working day of every calendar month.,41.11.01(a),"Monthly Pension, First Working Day, Payment Schedule, Monthly Payment"
When does pension cease?,Pension shall cease with the last payment which falls due before the recipient's death.,41.11.01(a),"Pension Cessation, Death of Pensioner, Last Payment"
What is Pensionable Service?,Pensionable Service means all periods of Company service or service on deputation with Company approval prior to termination of membership.,41.06,"Pensionable Service Definition, Qualifying Service, Service Period"
What periods are included in Pensionable Service?,All periods of leave with pay; leave without pay for illness/disability up to 1 year; educational leave with contribution; other leave up to 4 months with contribution; war/national emergency leave; service with Associated Company; additional service granted by Company.,41.06.01,"Included Service, Leave Periods, Illness Leave, Disability Leave, Educational Leave, War Leave, National Emergency"
What periods are NOT included in Pensionable Service?,Periods during which the member is part of another pension scheme under arrangement with Trustees where period doesn't count.,41.06.02,"Excluded Service, Other Pension Scheme, Separate Pension"
Can service before employment with PIA count as Pensionable Service?,"Yes, under special arrangements enabling employees to count service before employment with PIA.",41.06.03,"Prior Service, Pre-Employment Service, Transfer of Service"
Is service after reaching Pensionable Age counted?,"Yes, service after reaching Pensionable Age counts towards Pensionable Service.",41.06.06,"Post-Pension Age Service, Extended Service"
What is the minimum Pensionable Service for pension eligibility?,At least 10 years of Pensionable Service.,41.08.01(a),"Minimum Service, 10 Years Rule, Qualifying Service, Eligibility"
Can deficiency in qualifying service be condoned?,"Yes, up to 6 months automatically condoned; 6 months to 1 year condoned in cases of death, invalidity, or abolition of post.",41.08.01(b),"Condonation, Deficiency, Qualifying Service, Automatic Condonation, Death Case, Invalidity, Abolition of Post"
What counts as service for Orient Airways employees who joined PIA?,The break period of employees who left Orient Airways and subsequently joined PIAC shall count as continuous service for pension.,41.06.01(f),"Orient Airways, Continuous Service, Break Period, Merged Service"
Is Pensionable Service calculated on pro-rata basis?,"Yes, for all categories except Cockpit Crew, pensionable service for Gross Pension shall be calculated on pro-rata basis.",41.06.04,"Pro-rata Service, Proportional Service, Cockpit Crew Exception"
What is Pensionable Salary?,"Pensionable Salary means the salary described by the Company from time to time, based on enhanced emoluments effective from 01-01-2003 on specific pensionable elements.",41.05,"Pensionable Salary Definition, Emoluments, Enhanced Salary"
What components are included in Pensionable Salary for Chiefs and General Managers (Admin Category)?,"Basic Pay, House Rent (32%), Utility Allowance, Fuel Allowance, Car Maintenance Allowance.",41.05.01(a),"Chiefs Pension, General Managers Pension, Admin Category, Basic Pay, House Rent, Utility Allowance, Fuel Allowance, Car Maintenance Allowance"
What components are included in Pensionable Salary for Cockpit Crew (Pilots & Flight Engineers)?,"Basic Pay, Ad hoc Relief (80), Qualification Pay, Guaranteed Flying Allowance.",41.05.01(b),"Cockpit Crew, Pilots Pension, Flight Engineers, Basic Pay, Ad hoc Relief, Qualification Pay, Guaranteed Flying Allowance"
What components are included in Pensionable Salary for Aircraft Engineers (AEPS 'A' to 'D')?,"Basic Pay, House Rent (32%), Utility Allowance, Conveyance Allowance, Special Pay, Special Allowance, Executive Allowance, Airworthiness Approval Allowance.",41.05.01(c),"Aircraft Engineers, AEPS A-D, Basic Pay, House Rent, Utility Allowance, Conveyance Allowance, Special Pay, Special Allowance, Executive Allowance, Airworthiness Approval Allowance"
What components are included in Pensionable Salary for Aircraft Engineers (AEPS 'E' to 'G')?,"Basic Pay, House Rent (45%), Utility Allowance, Conveyance Allowance, Special Pay, Special Allowance, Executive Allowance, Airworthiness Approval Allowance.",41.05.01(c),"Aircraft Engineers, AEPS E-G, Basic Pay, House Rent 45%, Utility Allowance, Conveyance Allowance, Special Pay, Special Allowance, Executive Allowance"
What components are included in Pensionable Salary for Cabin Crew (Pay Group IV to VIII)?,"Basic Pay, Personal Pay, House Rent (45%), Utility Allowance (where admissible).",41.05.01(d),"Cabin Crew, Air Hostesses, Flight Attendants, Basic Pay, Personal Pay, House Rent, Utility Allowance"
What components are included in Pensionable Salary for Officers Engineering (OPES 'A' to 'E')?,"Basic Pay, Personal Pay, House Rent (32%), Utility Allowance, Conveyance Allowance, Special Allowance.",41.05.01(e),"Engineering Officers, OPES, Basic Pay, Personal Pay, House Rent, Utility Allowance, Conveyance Allowance, Special Allowance"
What components are included in Pensionable Salary for Officers in Admin Pay Group (PG V to IX)?,"Basic Pay, Personal Pay, House Rent (32%), Utility Allowance, Conveyance Allowance, Special Allowance.",41.05.01(f),"Admin Officers, PG V-IX, Basic Pay, Personal Pay, House Rent, Utility Allowance, Conveyance Allowance, Special Allowance"
What components are included in Pensionable Salary for Staff in Pay Group I to IV?,"Basic Pay, Personal Pay, House Rent (40%), Utility Allowance, Conveyance Allowance.",41.05.01(g),"Staff Pension, PG I-IV, Basic Pay, Personal Pay, House Rent 40%, Utility Allowance, Conveyance Allowance"
What allowances are NOT considered for pension calculation?,No other allowances except those specifically listed shall be considered for calculation of pension.,41.05.01 Notes,"Excluded Allowances, Non-Pensionable Allowances"
Will pension calculated on redefined elements be less than previous pension?,"No, the pension calculated on redefined pensionable elements shall not be less than the pension earned up to 31-12-2002.",41.05.01 Notes,"Pension Protection, No Reduction, Guaranteed Pension"
What is the treatment of Pilots' Pension after April 2016 salary revision?,Payment of Pension to Pilots shall remain unchanged as per rules/provisions applicable prior to revision of their salaries w.e.f. 01-04-2016 until further orders.,41.05.01,"Pilots Pension, Salary Revision 2016, Unchanged Pension"
How is leave of absence treated for Pensionable Salary?,A member on leave shall be deemed to be in receipt of same remuneration as immediately before leave unless Company determines otherwise.,41.05.02,"Leave of Absence, Salary on Leave, Deemed Salary"
Who is eligible for early retirement with immediate pension?,A member who has completed 20 years of Pensionable Service OR attained age 55 years.,41.09(a),"Early Retirement, Immediate Pension, 20 Years Service, Age 55, Voluntary Retirement"
Can a member resign with 10 years service get pension?,"Yes, members (excluding Cockpit Crew and Aircraft Maintenance Engineers) who resign after 10 years service shall be allowed reduced pension immediately.",41.09(b),"Resignation Pension, Reduced Pension, 10 Years Service, Immediate Pension"
Is pension given on premature retirement?,"Yes, if retired prematurely for any reason other than dismissal on fraud/dishonesty, pension is granted immediately.",41.09(c),"Premature Retirement, Immediate Pension, Non-Dismissal Retirement"
Is ill health retirement eligible for pension?,"Yes, if certified by Chief Medical Officer, pension is payable immediately.",41.09(d),"Ill Health Retirement, Medical Retirement, CMO Certificate, Disability Pension"
Is pension given on compulsory retirement?,"Yes, on compulsory retirement under Service Regulation or retirement/removal without assigning reason.",41.09(e),"Compulsory Retirement, Service Regulation 76(e), Removal from Service, Regulation 88"
What is the early retirement age for Female Cabin Crew?,Female Cabin Crew can retire on attaining age 35 years or more with minimum 10 years continuous service.,41.01.07,"Female Cabin Crew Early Retirement, Age 35, 10 Years Service"
Can early retirement be denied if member is avoiding dismissal?,"Yes, if the Company is of the opinion that early retirement is being exercised to avoid dismissal on account of fraud or dishonesty.",41.09(a),"Fraud, Dishonesty, Dismissal Avoidance, Denial of Early Retirement"
Is pension given for retirement due to medical disability?,"Yes, for members who have completed 10 years of Pensionable Service, pension is payable immediately.",41.09(d),"Medical Disability, 10 Years Service, Immediate Pension"
What is the minimum service for Female Cabin Crew pension?,10 years pensionable service.,41.01.07-A,"Female Cabin Crew, Minimum Service, 10 Years, Air Hostess"
At what age can Female Cabin Crew retire with pension?,On attaining age 35 years or more.,41.01.07,"Female Cabin Crew Retirement, Age 35, Early Retirement"
What is the commutation limit for Female Cabin Crew?,Up to ½ (50%) of Gross Monthly Pension as admissible to Admin Category.,41.01.07-A,"Female Cabin Crew Commutation, 50% Commutation, Admin Category"
What is the formula for Female Cabin Crew net monthly pension?,Remaining Monthly Pension after commutation to be paid to retired Female Cabin Crew during their lifetime.,41.01.07-A,"Net Monthly Pension, Life Pension, Female Cabin Crew"
What happens to pension if Female Cabin Crew dies within 10 years of retirement?,Monthly pension shall be paid to legal heirs till completion of 10 years from date of retirement.,41.01.07-A,"Death After Retirement, Legal Heirs, 10 Year Guarantee Period"
What other benefits do retired Female Cabin Crew receive?,Other Pensionable benefits such as medical and passage remain unchanged.,41.01.07-A,"Medical Benefits, Passage Benefits, Retired Benefits, Cabin Crew Benefits"
What is the gratuity rate for Female Cabin Crew with 10 years service?,1-1/2 month's Pensionable Salary for each completed year of service.,41.01.07-A,"Female Cabin Crew Gratuity, 10 Years Service, 1.5 Months Salary"
What is the gratuity rate for Female Cabin Crew with above 10 years service?,2 months Pensionable Salary for each completed year of service.,41.01.07-A,"Above 10 Years Gratuity, 2 Months Salary"
What happens if Female Cabin Crew leaves with less than 10 years service?,Gratuity shall be paid at rate of one month's Pensionable Salary for each completed year of service.,41.01.07-A,"Less Than 10 Years, One Month Salary, Gratuity Only"
What happens if Female Cabin Crew dies during service?,Payment shall be made to nominee/legal heirs in accordance with applicable rules.,41.01.07-A,"Death During Service, Nominee Payment, Legal Heirs"
Are Female Cabin Crew eligible for benefits on dismissal?,No benefits are admissible on dismissal from service on disciplinary grounds.,41.01.07-A,"Dismissal, No Benefits, Disciplinary Dismissal"
What is the gratuity rate for members with less than 10 years service?,One month's pensionable salary for each completed year of service.,41.08.02(e),"Gratuity Rate, Less Than 10 Years, One Month Salary"
What is the gratuity rate for contractual employees (PG-VI and above)?,One month's gross salary for each completed year of service.,41.01.08(a),"Contractual Gratuity, PG-VI, Gross Salary, One Month Salary"
What components are included in gross salary for contractual employees gratuity?,"Basic Pay, House Rent, Utility Allowance (last drawn).",41.01.08(b),"Gross Pay Components, Basic Pay, House Rent, Utility Allowance, Last Drawn Salary"
How is last incomplete year counted for contractual employees?,More than 6 months: reckoned as full year for gratuity.,41.01.08(c),"Incomplete Year, 6 Months Rule, Contractual Employees"
Is gratuity paid to contractual employees on misconduct?,"No, gratuity shall not be paid on termination of contract on account of misconduct.",41.01.08(d),"Misconduct Termination, No Gratuity, Contract Termination"
Is gratuity paid at time of conversion from contractual to permanent?,"No, gratuity is terminal benefit payable at time of leaving service, not at conversion.",41.01.08(e),"Conversion to Permanent, Terminal Benefit, Deferred Gratuity"
How are contractual agreements interpreted for gratuity?,"Different clauses may be interpreted to read as ""As per rules applicable to PIA regular employees"".",41.01.08(f),"Contract Interpretation, PIA Regular Rules, Standardization"
What is the commutation option for gratuity?,Member can surrender 1/4th of gross pension and draw gratuity in lieu thereof.,41.08.02,"Commutation, Gratuity in Lieu, Surrender of Pension"
Who is entitled to contractual gratuity?,All contractual employees in PG-VI and above.,41.01.08(a),"Contractual Employees, PG-VI, Gratuity Entitlement"
What is the gratuity rate for contractual employees?,One month's gross salary for each completed year of service.,41.01.08(a),"One Month Salary, Per Year, Contractual Gratuity"
Is gratuity paid if not mentioned in contract?,"Yes, irrespective of whether gratuity is incorporated in service contract or not.",41.01.08(a),"Contract Provision, Automatic Entitlement, Regardless of Contract"
What is included in gross salary for contractual gratuity?,"Basic Pay, House Rent, Utility Allowance (last drawn).",41.01.08(b),"Gross Salary Components, Basic Pay, House Rent, Utility Allowance"
Is gratuity paid on termination for misconduct?,"No, gratuity shall not be paid on termination of contract on account of misconduct.",41.01.08(d),"Misconduct, No Gratuity, Termination"
Is gratuity paid on conversion to permanent?,"No, gratuity is terminal benefit and not payable at conversion.",41.01.08(e),"Conversion, Terminal Benefit, Deferred Payment"
What pension does a widow/widower receive?,The widow/widower shall be paid 50% of the pension for lifetime or till re-marriage.,41.12.01(a),"Widow Pension, Spousal Pension, 50% Pension, Lifetime Pension, Remarriage Cessation"
When was lifetime widow pension introduced?,Grant of 50% lifetime pension has been allowed w.e.f. 01-01-2009.,41.12.01(a),"Lifetime Pension Introduction, 2009, Effective Date"
What happens if the widow/widower dies?,Pension shall cease upon the death of widow/widower.,41.12.01(a),"Cessation on Death, Widow Death, Pension Termination"
What pension is paid on death of a member before retirement?,"Beneficiary will be paid deceased's pension for a period of 10 years commencing from 1st of month following death, provided member had minimum 10 years Pensionable service.",41.12.01(b),"Death Before Retirement, 10 Year Guarantee Period, Beneficiary Pension"
Can commutation be allowed on death before retirement?,No commutation of this pension will be allowed.,41.12.01(b),"No Commutation, Death Before Retirement"
What happens if member dies before completing 10 years Pensionable Service?,Payment shall be same as under Rule 41.08.02(e) - Gratuity at rate of one month's pensionable salary for each completed year.,41.12.01(b),"Death Before 10 Years, Gratuity Only"
"Who is included in ""Family"" for pension on death in service?","Family includes: Widow (or husband for female employee), children (sons under 21, unmarried daughters under 21), widowed daughters, widows of deceased sons, parents, brothers under 21, unmarried sisters under 21.",Appendix A,"Family Definition, Dependents, Widow, Children, Sons, Daughters, Parents, Brothers, Sisters"
What is the order of family pension payment?,1. Widow/Husband; 2. Eldest surviving son till 21; 3. Eldest unmarried daughter till 21/marriage; 4. Widowed daughter; 5. Widow of deceased son; 6. Son of deceased son; 7. Unmarried daughter of deceased son; 8. Father; 9. Mother; 10. Brother under 21; 11. Sister under 21.,Appendix A,"Family Pension Order, Succession Order, Priority List"
What happens if multiple widows exist?,"If more than one wife, and widows and children together do not exceed 4, pension divided equally. If more than 4, each widow gets 1/4th and balance divided among children.",Appendix A,"Multiple Widows, Equal Division, Children Share"
"Who is excluded from ""Children"" definition?","Sons above 21 years, married daughters, daughters above 21 years.",Appendix A,"Children Definition, Excluded Children, Age Limit"
Can a female employee exclude her husband from family pension?,"Yes, if she intimates in writing that her husband should not be included.",Appendix A,"Female Employee, Exclude Husband, Written Intimation"
Is pension payable to more than one family member?,"No, except as provided in Clause (a) of Para 1 (multiple widows).",Appendix A,"Single Beneficiary, Multiple Beneficiaries Exception"
What happens if pension beneficiary dies or marries before expiry?,Pension will be regranted to the person next lower in order mentioned in Para 1.,Appendix A,"Reversion of Pension, Next Beneficiary, Death of Beneficiary"
Is nomination for non-family member valid if employee acquires family?,"No, nomination for beneficiary other than family member shall automatically be cancelled if employee acquires a family.",Appendix A,"Automatic Cancellation, Acquired Family, Non-family Nomination"
"Who is a ""Dependent"" or ""Beneficiary"" for pension?",Defined in Appendix 'A' for pension in case of death and Appendix 'B' for gratuity.,41.02(h),"Dependent, Beneficiary, Family Definition, Pension Beneficiary"
"What is the definition of ""Family"" for gratuity?","Wife (or husband for female), children, widow(s) and children of deceased son.",Appendix B,"Gratuity Family, Spouse, Children, Deceased Son Family"
When must an employee make nomination for gratuity?,As soon as he/she completes 10 years Pensionable Service.,Appendix B,"Nomination, 10 Years Service, Gratuity Nomination"
Can an employee nominate multiple persons?,"Yes, specifying the amount or share payable to each nominee.",Appendix B,"Multiple Nominees, Share Distribution, Amount Allocation"
Can a nomination include contingency provisions?,"Yes, can specify that nomination becomes void on specified contingency or passes to another family member.",Appendix B,"Contingency, Void Nomination, Succession"
Can an employee cancel a nomination?,"Yes, by sending notice in writing along with fresh nomination.",Appendix B,"Nomination Cancellation, Fresh Nomination, Written Notice"
Who receives payment for minor children?,"The competent authority may allow payment to mother, or if mother not alive, appoint a suitable guardian.",Appendix B,"Minor Children, Guardian, Mother as Guardian, Competent Authority"
What happens if employee leaves no family?,"Gratuity payable to: Mother, Father, Unmarried sisters below 21 and widowed sisters, Brothers below 21.",Appendix B,"No Family, Surviving Relatives, Equal Shares"
Is gratuity paid if no family or eligible dependents exist?,No gratuity shall be payable.,Appendix B,"No Dependents, No Gratuity"
When must an employee make nomination for Provident Fund?,As soon as he/she joins the Company.,41.27.03,"Provident Fund Nomination, Joining Date, Immediate Nomination"
What does Provident Fund nomination cover?,"Gratuity (if service less than 10 years), Provident Fund (both Company and Employee contributions with interest).",41.27.03,"PF Nomination Coverage, Gratuity, Provident Fund, Interest"
Can nomination be changed?,"Yes, by sending a fresh nomination form.",41.27.06,"Change Nomination, Fresh Nomination, Update Nomination"
What happens if no nomination exists for Provident Fund?,"Competent authority may distribute to: Wife/Wives, Husband, Children, Widow/Widows and children of deceased son.",41.27.09,"No Nomination, Distribution, Competent Authority"
What happens if employee leaves no family for Provident Fund?,"Payable to: Mother, Father, Unmarried sisters below 21 and widowed sisters, Brothers below 21 in equal shares.",41.27.10,"No Family PF, Surviving Relatives, Equal Shares"
What happens if no family exists for Provident Fund?,Dues payable shall be transferred to a benevolent fund.,41.27.11,"Benevolent Fund, No Family, Transfer of Dues"
What is the minimum monthly pension?,"Rs. 2,000/- per month.",41.17.01,"Minimum Pension, Rs 2000, Floor Pension"
What is the minimum widow's pension?,"Rs. 1,000/- per month.",41.17.01,"Widow Minimum, Rs 1000"
What increase in pension is given for over 30 years of drawing pension?,25% increase.,41.18,"25% Increase, Over 30 Years, Pension Increase"
What increase in pension is given for over 20 years of drawing pension?,20% increase.,41.18,"20% Increase, Over 20 Years"
What increase in pension is given for over 10 years of drawing pension?,15% increase.,41.18,"15% Increase, Over 10 Years"
What increase in pension is given for less than 10 years of drawing pension?,10% increase.,41.18,"10% Increase, Less Than 10 Years"
What increase is given for those retired between 01-10-2015 to 30-04-2019?,10% increase.,41.18,"2015-2019 Retirees, 10% Increase"
When was the pension increase effective?,01-05-2019.,41.18,"Effective Date, May 2019, Pension Increase Date"
What is the condition for increase in pension?,Increase shall be designed so that nominal increase in succeeding tier is at least equal to or more than maximum nominal increase of preceding tier.,41.18,"Tiered Increase, Graduated Increase, Successive Increase"
What is the financial impact limit for 2013 pension increase?,Shall not exceed Rs. 150 million per annum.,41.18,"Financial Impact, Rs 150 Million, Budget Limit"
Is increase allowed for widows receiving 50% pension?,"Yes, on the amount of 50% pension as applicable.",41.18,"Widow Increase, 50% Pension Increase"
Is increase allowed for those granted salary/allowance increase in service?,"No, not admissible to those granted increase in salary & allowances while in service.",41.18,"Excluded Employees, Salary Increase, Allowance Increase"
How is increase calculated for widows?,On the amount of monthly pension being drawn as on 30-04-2019.,41.18,"Widow Calculation, Base Pension, April 2019"
What is the PIA Cockpit Crew Pension Fund?,"A separate Pension Fund for Pilots and Flight Engineers, established on 12th February 1980, deemed to have been created on 1st July 1977.",Appendix D (41.15),"Cockpit Crew Fund, Pilots Pension, Flight Engineers, PALPA, 1980 Fund"
"Who is a ""Member"" of the Cockpit Crew Pension Fund?",A Pilot/Flight Engineer employed by the Employer and eligible for benefits of the Fund.,Appendix D,"Member Definition, Pilot, Flight Engineer"
What is the objective of the Cockpit Crew Pension Fund?,To provide for every Member or heir a monthly Pension upon ceasing to be a Member.,Appendix D,"Fund Objective, Monthly Pension, Retirement Benefit"
How is the Fund administered?,By a Board of Trustees nominated by the employer/Association (with at least one member from Association).,Appendix D,"Board of Trustees, Administration, PALPA Representation"
Who contributes to the Cockpit Crew Pension Fund?,Contributions exclusively by the employer who bears all administration expenses.,Appendix D,"Employer Contribution, Exclusive Employer, Administration Expenses"
What is the Guaranteed Flying Allowance for pension calculation?,Up to 25 years of service: 70 hours. Over 25 years: 1 hour increase for every 2 completed years beyond 25 years (max 75 hours).,Appendix D,"Guaranteed Flying Allowance, Flying Hours, 70 Hours, 75 Hours Max"
What is the pension formula for Cockpit Crew?,"1/60th of (1) last basic salary, (2) last drawn minimum guaranteed flying allowance, and (3) Incentive Flying Allowance, multiplied by total pensionable service, max 50% of pensionable salary.",Appendix D,"Cockpit Crew Formula, Basic Salary, Guaranteed Flying, Incentive Flying, 1/60 Formula"
What is the retirement age for Cockpit Crew pension?,"The Pilot has retired on attaining agreed retirement age, or age 55 for voluntary retirement, or 20 years service.",Appendix D,"Retirement Age, Voluntary Retirement, 20 Years, Age 55"
Can Pilots get pension on medical disability?,"Yes, if completed minimum 10 years service as Pilot, except for intentional self-injury, attempted suicide, or habitual narcotic drugs.",Appendix D,"Medical Disability, 10 Years Service, Exclusions, Self-Injury, Suicide, Narcotics"
What is the family pension for Pilots who die in aircraft accidents?,"Family pension for lifetime even with less than 10 years service, in addition to lump-sum payment.",Appendix D,"Aircraft Accident, Family Pension, Lifetime Pension, Less Than 10 Years"
What is the lump sum compensation for death of Pilot with less than 10 years service?,"Rs. 200,000/-.",Appendix D,"Death Compensation, Rs 200,000, Less Than 10 Years"
What is the lump sum compensation for medical disability with 3-5 years service?,"Rs. 100,000/-.",Appendix D,"Medical Disability, 3-5 Years, Rs 100,000"
What is the lump sum compensation for medical disability with 5-8 years service?,"Rs. 125,000/-.",Appendix D,"Medical Disability, 5-8 Years, Rs 125,000"
What is the lump sum compensation for medical disability with 8-9 years service?,"Rs. 150,000/-.",Appendix D,"Medical Disability, 8-9 Years, Rs 150,000"
What is the lump sum compensation for medical disability with 9-10 years service?,"Rs. 175,000/-.",Appendix D,"Medical Disability, 9-10 Years, Rs 175,000"
Can pension be transferred or assigned?,"No, pension is personal and cannot be transferred, assigned or charged.",Appendix D,"Non-transferable, Personal Pension, No Assignment"
When does pension begin to accrue?,From the day the member becomes eligible for Pension.,Appendix D,"Accrual Date, Eligibility Date"
Within how many days must pension be paid?,Within one month of the accrual date.,Appendix D,"Payment Timeline, One Month"
What happens if a Pensioner does not provide proof of life?,Pension payments may be suspended until evidence is furnished.,Appendix D,"Proof of Life, Suspension, Survival Evidence"
Can the Fund rules be altered?,"Yes, by Trustees, but no reduction in benefits or affecting basic rules agreed between Association and Employer.",Appendix D,"Rule Amendment, Trustees Power, No Benefit Reduction"
How are disputes regarding the Fund resolved?,"By Arbitration Board comprising representative each of employer and Association, and one more member by mutual agreement.",Appendix D,"Dispute Resolution, Arbitration Board, PALPA, Employer"
What is the contributory service for eligibility of benefits?,"From date of permanent absorption, or from hiring date if subsequently absorbed without break.",Appendix D,"Contributory Service, Permanent Absorption, Hiring Date, Continuous Service"
How is period over 6 months counted for contributory service?,"Any period over 6 months (i.e., in excess of 182 days) shall be considered as full year.",Appendix D,"182 Days Rule, Full Year, Service Computation"
What is the pension percentage for Aircraft Engineers in AEPS 'A' to 'D'?,32% of pensionable components.,Appendix E (41.16),"Aircraft Engineers, AEPS A-D, 32%, Pension Percentage"
What is the pension percentage for Aircraft Engineers in AEPS 'E' to 'G'?,45% of pensionable components.,Appendix E,"Aircraft Engineers, AEPS E-G, 45%, Pension Percentage"
What components are included for Aircraft Engineers pension?,"Basic Pay, House Rent, Special Pay, Special Allowance, Executive Allowance, Airworthiness Approval Allowance.",Appendix E,"Pension Components, Basic Pay, House Rent, Special Pay, Special Allowance, Executive Allowance, Airworthiness Approval"
When can Aircraft Engineers voluntarily retire with pension?,On completion of 20 years' service.,Appendix E,"Voluntary Retirement, 20 Years Service, Early Retirement"
What benefits do retired Aircraft Engineers receive?,"Travel facility, Interline facility, Medical facility for retired members and spouse as per Company policy.",Appendix E,"Travel Facility, Interline, Medical Facility, Retired Benefits"
What are the gratuity rules for Aircraft Engineers with less than 10 years service?,Shall be paid gratuity as per Company's rules for each completed year of service.,Appendix E,"Less Than 10 Years, Company Gratuity Rules"
What is the PIA Provident Fund?,"An irrevocable trust established effective 1st April 1956, known as ""Pakistan International Airlines Company Provident Fund"".","41.23.01, 41.23.06","Provident Fund, PF Trust, 1956, Recognized Provident Fund"
What is the object of the Provident Fund?,To provide every member with a sum of money payable on termination of service or to nominee in case of death.,41.20.01,"PF Objective, Termination Benefit, Death Benefit"
Who becomes a member of the Provident Fund?,Every employee on the permanent staff of the Company.,41.22.01,"PF Membership, Permanent Employees, Automatic Membership"
Can a member resign from PF while in service?,"No, a member shall not be permitted to resign PF membership while in Company service.",41.22.02,"No Resignation, Compulsory Membership"
What is the member's contribution rate to PF?,Uniform rate of 8-1/3% (8.33%) of their salary per month.,41.24.02,"Member Contribution, 8.33%, Salary Deduction"
What is the Company's contribution rate to PF?,Equal to the aggregate contributions of members.,41.24.04,"Company Contribution, Matching Contribution, Equal Contribution"
What is the Voluntary Provident Fund contribution?,Regular employees can make voluntary contribution up to 10% of basic salaries in addition to compulsory 8.33%.,41.24.03,"Voluntary PF, Additional Contribution, 10% Extra"
Does Company contribute to Voluntary PF?,"No, Company contribution remains unchanged at 8.33%.",41.24.03,"No Company Matching, Voluntary Only"
When is interest credited to PF accounts?,As on 31st March each year at rate determined by Trustees.,41.25.05,"PF Interest, Interest Credit, March 31, Trustee Determination"
"What is the ""Lapse Account"" in PF?","A separate account for lapses, forfeitures, profits on sale of investments, surplus income, unclaimed balances after 3 years.",41.25.11,"Lapse Account, Forfeiture, Surplus, Unclaimed Balance"
How is the Lapse Account used?,"For meeting Fund expenses, as reserve against loss, and for benefit of members/retired members/dependents.",41.25.11,"Lapse Account Use, Expenses, Reserve, Member Benefits"
When does PF withdrawal become payable?,"On ceasing to be a member (leaving service, death, or transfer).",41.26.01,"PF Withdrawal, Cessation of Membership, Termination"
What is the entitlement for voluntary leaving after 5 years satisfactory service?,Own contributions + Company contributions with due interest.,41.26.01(a),"Voluntary Leaving, 5 Years, Full Benefit"
What is the entitlement for termination for misconduct?,Not entitled to any part of Company contribution - forfeited to Fund.,41.26.03,"Misconduct Forfeiture, No Company Contribution, Forfeiture"
What is the entitlement for termination due to continued illness?,Full amount standing to credit of account.,41.26.02,"Illness Termination, Full Benefit, Medical Retirement"
What is the entitlement for termination on staff reduction?,Full amount standing to credit of account.,41.26.02,"Staff Reduction, Retrenchment, Full Benefit"
What happens to PF if member dies?,Amount credited including Company contributions with interest paid to nominee.,41.26.08,"Death PF, Nominee Payment, Full Amount"
Can PF be withdrawn on retirement?,"Yes, 50% of employee's plus employer's contribution and interest on date of proceeding on LPR, on written request.",41.26.12(a),"Retirement PF Withdrawal, LPR, 50% Payment"
What is the rule for outstanding dues on PF withdrawal?,Outstanding dues recovered from gratuity and/or commuted pension.,41.26.12(b),"Outstanding Dues, Recovery, Gratuity, Commutation"
What happens if outstanding dues exceed gratuity and commutation?,Finance Manager issues 'Stop Payment Advice' to concerned GM at retirement.,41.26.12(c),"Stop Payment Advice, Excess Dues, Recovery"
Can PF be withdrawn for specific purposes?,"Yes, for illness, passage, marriages, funerals, building/purchasing house, insurance premiums.",Appendix D,"PF Withdrawal Purposes, Illness, Passage, Marriage, Funeral, House Purchase, Insurance"
What is the maximum withdrawal for purposes other than housing?,100% of employee's own contribution plus interest/profit.,Appendix D,"Maximum Withdrawal, Own Contribution"
Can a second withdrawal be taken before repaying first?,"No, except for house building/purchase purposes.",Appendix D,"Second Withdrawal, Repayment Rule, Housing Exception"
Do housing withdrawals need to be repaid?,"No, amount withdrawn need not be repaid.",Appendix D,"Housing Withdrawal, No Repayment"
What is the interest on repaid withdrawals?,Repayment in 12 months: 4% additional installment; More than 12 months: two installments of 4%.,Appendix D,"Withdrawal Interest, Repayment, 4% Installment"
What happens on default of installment repayment?,Commissioner of Income Tax may order amount outstanding added to total income.,Appendix D,"Default, Income Tax Addition, Penalty"
Can PF be withdrawn on leave preparatory to retirement?,"Yes, up to 90% of amount standing to credit.",Appendix D,"LPR Withdrawal, 90%, Leave Preparatory"
What happens if employee rejoins duty after LPR withdrawal?,Must refund amount drawn with interest at rate allowed by Fund.,Appendix D,"Rejoining Duty, Refund, Interest"
Who resolves PF disputes?,"Referred to Chiefs of the Company, whose decision is final and binding.",41.27.01,"PF Dispute, Chiefs Decision, Final and Binding"
What is the PIA Group Insurance Scheme?,"""The Pakistan International Airlines Company Employees Group Insurance Scheme"" constituted and established by the Company.",41.28.01,"Group Insurance, GI Scheme, Employee Coverage"
Who is responsible for premium payment?,The Company is responsible for payment of premium and all administrative arrangements.,41.28.01,"Premium Payment, Company Responsibility, Administration"
Can employees get additional insurance coverage?,"Yes, subject to Underwriters' approval, by paying additional premium.",41.28.01,"Additional Coverage, Extra Premium, Underwriters Approval"
What is the Group Insurance sum assured for Staff (PG-I to IV)?,"Rs. 300,000/-.",41.29.01(a)(i),"Staff Insurance, PG-I to IV, Rs 300,000"
What is the Group Insurance sum assured for Officers (Admin Categories/Engineer Pilots)?,"Rs. 600,000/-.",41.29.01(a)(ii),"Officers Insurance, Admin Category, Engineer Pilots, Rs 600,000"
When did the enhanced Group Insurance amount become effective?,1st March 1992.,41.29.01,"Effective Date, March 1992, Enhanced Amount"
Does Group Insurance cover contractual employees?,"Yes, irrespective of whether benefit is included in contract/agreement.",41.29.04,"Contractual Employees GI, Automatic Coverage"
What is the Group Insurance coverage for medically retired employees?,Paid the enhanced sum assured w.e.f. 01.07.1992 for permanent and unrecoverable disabilities.,41.29.03,"Medical Retirement, Permanent Disability, Enhanced Sum Assured"
How long does Group Insurance coverage continue after retirement?,Valid for 5 years from date of retirement on superannuation (60 years).,41.29.02,"Post-Retirement Coverage, 5 Years, Superannuation"
Is subscription recovered after age 60?,"No, there shall be no subscription beyond age 60 years.",41.29.02,"No Subscription, Age 60, Post-60 Coverage"
What is the Group Insurance coverage for Airhostesses?,Valid for 5 years from date of retirement at age 45 (discontinued per Court decision).,41.29.03,"Airhostess GI, Age 45 Retirement, Discontinued"
What is the Group Insurance rate for staff?,As per Appendix 'A' rate of deduction of premium.,41.29.01(b),"Premium Rate, Staff Rate, Deduction Rate"
Are Pak-based employees at Foreign Stations covered?,"Yes, entitled to benefits based on Basic Pay drawn at death, payment in Pak currency.",41.29.01(c),"Foreign Stations, Pak-based Employees, Basic Pay, Pak Currency"
When does payment become payable?,Upon submission of proof of death to the Company.,41.29.01(d),"Payment Trigger, Proof of Death, Claim Submission"
Can the Company require medical examination?,"Yes, for employees with salaries at least Rs. 1,000/- per month.",41.29.01(e),"Medical Examination, Salary Threshold"
What information is required for Group Insurance claim on death?,"Proof of death, Physician's statement, Death Certificate, Claim form.",41.31,"Claim Requirements, Death Certificate, Physician Statement, Claim Form"
What additional information is required for accidental death?,"Brief circumstances, eye-witness name/address, Post Mortem Report, copy of FIR.",41.31.04,"Accidental Death, FIR, Post Mortem, Witness, Circumstances"
What age proof is required for Group Insurance?,"Birth Certificate, Secondary School Certificate, National Identity Card, or Employer's Certificate.",41.31.05,"Age Proof, Birth Certificate, SSC, CNIC"
What is the Family definition for Group Insurance?,As per Appendix 'C'.,41.30.02,"GI Family Definition, Appendix C"
What is the Group Insurance claim procedure?,"Claim forms available with Personnel Officers, submitted after completion through concerned Personnel Officer.",41.31.01,"Claim Procedure, Personnel Officer, Claim Form"
How is Group Insurance nominee form filled?,"In duplicate, one copy to Insurance Officer and other to Personnel Cell, with acknowledgement.",41.30.01,"Nominee Form, Duplicate Copy, Acknowledgement"
Can Group Insurance nomination be changed?,"Yes, notified to Insurance Officer and Personnel Cell under acknowledgement due.",41.30.03,"Change Nomination, Notification, Acknowledgement"
Does Group Insurance cover employees on secondment?,"Yes, applicable to PIA employees on secondment to other Airlines unless specifically excluded.",41.30.04,"Secondment, Other Airlines, Coverage Exception"
What is the Group Insurance nomination process?,"Employee makes nomination on prescribed Performa upon joining, conferring right to receive Group Insurance.",Appendix B (GI),"GI Nomination, Joining, Prescribed Form"
Can multiple persons be nominated for Group Insurance?,"Yes, specifying amount/share payable to each nominee.",Appendix B,"Multiple Nominees, Share Allocation"
Can Group Insurance nomination be cancelled?,"Yes, by sending a fresh nomination form.",Appendix B,"Nomination Cancellation, Fresh Form"
Who receives Group Insurance payment for minor nominees?,"Competent authority may allow payment to mother, or if mother not alive, appoint a suitable guardian.",Appendix B,"Minor Nominee, Guardian, Mother Payment"
What happens if no nomination exists for Group Insurance?,"Competent authority distributes to: Wife/Wives, Husband, Children.",Appendix B,"No Nomination, Distribution"
What happens if employee leaves no family for Group Insurance?,"Payable to: Mother, Father, Unmarried sisters below 21 and widowed sisters, Brothers below 21 in equal shares.",Appendix B,"No Family, Surviving Relatives"
What happens if no family exists for Group Insurance?,Dues payable transferred to a benevolent fund.,Appendix B,"Benevolent Fund, No Family"
What is the Declaration form for Pension/Provident Fund on retirement?,A declaration form for retired employees to apply for release of payment of pension and other benefits.,Appendix F (41.16),"Retirement Declaration, Pension Application, PF Application"
What information is required in the Pension retirement declaration?,"Name, P. No., residential address, bank account details, nominee details, option for commutation (25% or 50%).",Appendix F,"Pension Declaration, Bank Account, Nominee, Commutation Option"
How many photographs are required for retirement declaration?,Three passport size photographs duly attested.,Appendix F,"Passport Photos, Attested Photographs"
What is the Declaration form for widow/beneficiary on death of employee?,A declaration form for nominee/beneficiary to apply for release of pension and other dues.,Appendix G (41.16),"Widow Declaration, Beneficiary Declaration, Death Claim"
Who signs the widow/beneficiary declaration?,"The widow/beneficiary, attested by HR Officer.",Appendix G,"Witnesses, HR Officer Attestation"
What is the PF nomination form?,A form for employees to nominate persons to receive PF and Gratuity in event of death.,Appendix C (PF),"PF Nomination Form, Nominee, Gratuity"
What is the order of nominees in PF nomination?,"1st Nominee, and if deceased then 2nd, and if deceased then 3rd.",Appendix C,"Nominee Order, First Nominee, Second Nominee, Third Nominee"
Does a nomination supersede previous nominations?,"Yes, the new nomination supersedes all previous nominations.",Appendix C,"Supersede, Previous Nomination"
What is the Group Insurance claim form?,A form to claim Group Insurance benefits on death of employee.,Appendix D (GI),"GI Claim Form, Insurance Claim"
What is the Physician's Statement form for Group Insurance?,A prescribed form to be signed by the Doctor who last attended the employee.,"41.31.02, Appendix E (GI)","Physician Statement, Doctor Statement, Medical Certificate"
What is the provident fund account statement format?,As prescribed by Federal Bureau of Revenue (FBR) for recognized Provident Fund.,41.25.01,"PF Account, FBR Format, Account Statement"
How often must PF account statements be provided?,As soon as after 30th June as convenient.,41.25.01,"PF Statement, Annual Statement, June 30"
What is the Commutation Table?,A table showing the number of years purchase for commutation based on age next birthday.,Appendix C (41.08),"Commutation Table, Years Purchase, Age Next Birthday"
What is the years purchase at age 20?,24.265 years purchase.,Appendix C,"Age 20, 24.265 Years"
What is the years purchase at age 30?,22.028 years purchase.,Appendix C,"Age 30, 22.028 Years"
What is the years purchase at age 40?,19.267 years purchase.,Appendix C,"Age 40, 19.267 Years"
What is the years purchase at age 50?,16.596 years purchase.,Appendix C,"Age 50, 16.596 Years"
What is the years purchase at age 55?,15.859 years purchase.,Appendix C,"Age 55, 15.859 Years"
What is the years purchase at age 60?,11.886 years purchase.,Appendix C,"Age 60, 11.886 Years"
What is the years purchase at age 65?,9.946 years purchase.,Appendix C,"Age 65, 9.946 Years"
What is the years purchase at age 70?,8.127 years purchase.,Appendix C,"Age 70, 8.127 Years"
What is the years purchase at age 80?,5.104 years purchase.,Appendix C,"Age 80, 5.104 Years"
Can pension be alienated or charged?,"No, pensions are purely personal and cannot be alienated or charged.",41.11.02,"Personal Pension, No Alienation, No Charge"
What happens if a member attempts to alienate pension?,The Trust Deed contains provisions relating to attempts to infringe this rule and bankruptcy cases.,41.11.02,"Alienation Attempt, Trust Deed Provisions, Bankruptcy"
What information must a pension claimant provide?,"Proof of age, proof of survival, and other information as Trustees require.",41.11.03,"Proof of Age, Proof of Survival, Trustee Requirements"
Can Trustees deduct tax from pension payments?,"Yes, if liable to pay any Income Tax or other tax/duty, they may deduct appropriate amount.",41.11.04,"Tax Deduction, Income Tax, Withholding Tax"
Can these pension rules be altered?,"Yes, as provided in the Deed.",41.14.01,"Rule Alteration, Deed Amendment"
"What is the definition of ""Member"" for pension purposes?","A person who is employed by PIAC and eligible for benefits, until they leave service, die, or are transferred.",41.04,"Member Definition, Eligibility, Cessation"
What is the Rule 41.15 about?,"Rules of the PIAC Cockpit Crew Pension Fund, attached as Appendix 'D'.",41.15.01,"Cockpit Crew Rules, Appendix D, PALPA"
What is the Rule 41.16 about?,"Gratuity/Pension Rules of Aircraft Engineers, attached as Appendix 'E'.",41.16.01,"Aircraft Engineers Rules, Appendix E"
"What is the definition of ""Dependent"" for pension?",Defined in Appendix 'A' for pension on death and Appendix 'B' for gratuity.,41.02(h),"Dependent Definition, Family, Beneficiary"
What is the Trustees' power regarding the Fund?,"Trustees have entire control over management with all powers, authorities, and discretions necessary.",41.23.01,"Trustee Powers, Fund Management, Discretion"
How many Trustees are appointed?,Not less than three and not more than seven Trustees.,41.23.01,"Trustee Count, Minimum 3, Maximum 7"
Can Trustees be removed?,"Yes, by the Board with reason recorded in writing.",41.23.02,"Trustee Removal, Board Power, Written Reason"
Are Trustees liable for losses?,"No, unless through their own dishonesty.",41.23.03,"Trustee Liability, Loss Exemption, Dishonesty"
Can the Fund rules be altered by Trustees?,"Yes, with approval of Commissioner of Income Tax, but cannot revoke trust without all members' consent.",41.23.04,"Rule Alteration, Income Tax Approval, Revocation"
Who interprets the rules?,"The Trustees, whose decision shall be final and binding.",41.23.05,"Rule Interpretation, Trustee Decision, Final and Binding"
